diner_id,age,orders_per_month,avg_order_value,avg_items_per_order,days_since_last_order,discount_rate,total_spend,reordered
D1293,36,3,156.82,7,26,0.27,504.96,0
D1283,37,3,164.51,7,24,0.16,439.86,0
D1034,24,16,44.68,2,0,0.73,676.57,1
D1380,36,9,99.45,3,9,0.13,866.99,1
D1430,34,8,88.04,4,11,0.1,728.98,1
D1363,32,9,81.23,3,13,0.1,786.69,0
D1383,32,8,110.43,3,13,0.11,789.16,0
D1066,21,12,35.33,2,4,0.68,467.59,1
D1250,42,1,149.89,7,25,0.16,134.04,0
D1031,27,15,46.5,1,5,0.52,689.64,1
D1400,32,7,99.97,2,14,0.12,721.33,0
D1159,29,16,48.06,2,1,0.6,827.9,1
D1168,20,11,44.21,2,6,0.71,501.82,1
D1325,38,2,146.25,4,24,0.52,302.0,0
D1186,25,10,44.27,3,10,0.71,433.46,1
D1307,41,3,170.67,6,13,0.45,478.42,1
D1415,33,9,99.89,3,7,0.09,1024.51,1
D1330,44,3,190.96,6,29,0.28,594.73,0
D1047,28,12,37.24,3,6,0.64,473.97,1
D1204,42,4,173.89,6,29,0.27,703.66,0
D1092,18,12,47.02,1,3,0.47,560.58,1
D1303,38,3,158.02,6,24,0.29,460.08,0
D1309,38,4,176.54,6,20,0.33,721.18,1
D1423,30,7,98.87,3,10,0.17,766.0,1
D1292,39,2,186.15,6,9,0.29,412.36,0
D1382,32,11,71.51,3,13,0.13,786.8,1
D1450,35,9,109.69,3,14,0.03,967.47,0
D1456,33,10,96.14,2,2,0.04,919.93,1
D1004,21,13,38.56,2,4,0.6,544.91,1
D1067,19,12,35.19,3,8,0.64,462.98,1
D1110,17,14,43.34,2,8,0.69,532.56,1
D1312,40,3,181.43,6,15,0.38,555.12,1
D1244,40,5,200.15,6,14,0.36,950.21,1
D1207,36,2,170.38,5,13,0.21,302.07,0
D1062,24,12,39.4,2,6,0.74,540.1,1
D1355,35,11,77.91,3,9,0.18,943.36,1
D1320,43,5,188.43,6,14,0.2,920.54,0
D1189,21,15,41.39,2,8,0.6,703.02,1
D1179,25,14,35.76,2,3,0.75,562.07,1
D1298,40,3,167.93,7,11,0.38,529.24,1
D1329,39,4,176.81,7,22,0.3,729.46,0
D1437,36,11,112.31,2,11,0.06,1212.39,0
D1005,29,13,54.24,3,2,0.58,612.65,1
D1065,26,15,43.72,1,4,0.61,677.19,1
D1324,37,2,169.03,5,24,0.28,333.87,0
D1230,43,4,200.43,5,21,0.31,700.08,0
D1443,37,9,113.87,3,4,0.11,894.44,0
D1289,41,4,193.11,7,9,0.36,682.63,1
D1017,23,13,34.21,1,4,0.69,419.72,1
D1418,31,9,101.3,3,13,0.19,963.9,0
D1294,39,3,200.26,6,15,0.39,640.66,0
D1457,32,10,118.17,3,10,0.23,1238.74,1
D1326,47,4,156.86,6,23,0.2,715.54,0
D1366,35,8,91.75,3,9,0.07,724.68,1
D1256,42,4,185.01,5,16,0.2,769.79,0
D1201,35,3,158.34,5,15,0.3,516.02,0
D1236,40,3,151.1,6,15,0.34,509.28,0
D1340,36,2,197.28,8,24,0.52,371.05,0
D1275,42,3,184.29,8,11,0.41,569.71,1
D1339,40,3,218.66,6,20,0.42,581.46,0
D1128,22,11,33.01,3,0,0.69,393.65,1
D1224,39,4,171.52,6,27,0.29,672.33,0
D1090,24,14,61.89,2,4,0.68,905.45,1
D1247,33,3,169.42,5,10,0.3,557.53,0
D1142,28,14,50.93,3,3,0.61,750.39,1
D1449,35,8,98.07,2,9,0.1,847.41,0
D1029,20,11,39.01,2,8,0.69,391.66,1
D1107,22,14,41.3,2,6,0.55,559.34,1
D1444,28,10,86.85,4,5,0.11,777.87,1
D1101,29,10,38.7,2,7,0.72,426.47,1
D1273,43,5,168.52,6,14,0.24,744.79,0
D1344,45,4,177.11,5,15,0.32,666.31,1
D1404,37,11,82.46,3,10,0.18,1034.29,0
D1468,27,10,75.69,3,8,0.18,863.0,1
D1132,20,11,45.95,2,2,0.51,460.96,1
D1270,43,5,180.51,5,20,0.33,1016.55,0
D1146,26,10,39.87,2,8,0.6,396.08,1
D1225,39,2,146.01,6,16,0.24,291.08,0
D1406,34,10,101.87,2,16,0.15,875.02,0
D1425,35,8,105.21,3,6,0.07,847.73,0
D1475,30,7,102.44,3,12,0.16,780.02,0
D1102,14,15,44.1,2,8,0.63,580.94,1
D1172,24,15,53.88,2,11,0.57,699.9,1
D1417,28,8,117.09,3,11,0.07,1049.45,1
D1187,24,10,53.77,2,4,0.55,602.15,1
D1006,18,16,35.63,2,5,0.45,622.51,1
D1403,27,10,82.89,3,16,0.17,854.58,1
D1011,22,12,38.64,1,4,0.56,492.79,1
D1180,14,13,46.18,2,9,0.6,623.26,1
D1208,38,4,175.45,5,27,0.36,783.49,0
D1477,31,6,104.27,3,11,0.14,588.6,1
D1411,37,8,106.2,3,13,0.1,755.96,0
D1419,39,12,103.2,2,13,0.08,1262.48,1
D1427,29,8,84.83,3,14,0.14,590.52,0
D1058,19,12,32.74,2,7,0.48,405.02,1
D1362,28,7,92.6,3,19,0.13,614.08,0
D1078,22,13,39.29,2,5,0.47,541.27,1
D1242,37,4,149.65,7,21,0.17,549.02,0
D1409,21,11,105.84,3,9,0.16,1118.78,1
D1407,38,12,97.13,4,11,0.12,1320.06,1
D1165,22,12,44.27,2,5,0.63,596.07,1
D1117,23,7,43.84,3,6,0.46,301.13,1
D1258,43,5,146.6,5,18,0.37,648.3,0
D1221,35,2,148.58,7,20,0.43,320.18,0
D1376,36,10,79.97,3,10,0.03,744.7,1
D1018,24,14,42.83,1,3,0.67,656.18,1
D1040,24,13,35.99,2,5,0.71,495.6,1
D1257,38,4,157.43,5,16,0.24,688.08,1
D1119,25,12,48.67,3,10,0.76,547.97,1
D1465,32,7,105.14,2,14,0.16,728.09,1
D1311,37,4,151.15,7,19,0.23,541.89,0
D1277,44,4,175.22,5,26,0.23,614.67,0
D1139,21,14,45.55,2,1,0.55,690.49,1
D1385,36,9,108.15,3,13,0.13,1106.83,0
D1476,37,10,106.89,3,10,0.04,1104.16,1
D1353,31,9,85.1,3,14,0.06,656.77,1
D1080,25,16,49.39,2,7,0.55,812.72,1
D1046,17,13,40.61,2,4,0.75,531.54,1
D1135,24,16,32.99,2,0,0.75,470.61,1
D1467,28,10,108.28,3,9,0.08,992.64,1
D1093,26,14,38.86,2,9,0.51,497.71,1
D1085,26,15,44.2,3,4,0.78,642.5,1
D1375,31,12,106.59,2,14,0.01,1175.26,0
D1081,23,13,38.58,3,8,0.67,493.78,1
D1041,24,12,41.54,2,0,0.56,482.83,1
D1290,45,2,175.75,4,10,0.32,331.79,0
D1354,32,6,105.81,3,3,0.08,645.91,1
D1185,22,11,61.08,2,5,0.64,584.03,1
D1245,34,2,215.43,6,26,0.38,452.52,0
D1432,31,10,96.86,4,19,0.14,979.77,1
D1173,20,17,49.52,2,3,0.71,755.42,1
D1459,38,10,98.2,2,9,0.12,910.47,0
D1310,40,2,163.55,6,20,0.27,278.12,0
D1106,25,20,43.83,2,5,0.71,807.61,1
D1435,34,9,92.15,3,4,0.1,912.02,1
D1323,46,4,148.99,6,16,0.28,683.15,0
D1197,27,12,42.69,2,8,0.5,576.63,1
D1192,19,12,35.79,2,5,0.73,367.28,1
D1095,21,15,36.74,3,8,0.65,629.95,1
D1122,20,15,42.95,2,3,0.79,696.47,1
D1023,21,12,37.71,2,1,0.28,475.35,1
D1013,16,15,42.98,1,6,0.66,673.46,0
D1061,26,13,39.58,2,8,0.59,582.2,1
D1287,40,4,195.12,6,25,0.32,879.07,0
D1039,14,13,44.76,1,6,0.56,594.71,1
D1343,33,4,168.79,5,21,0.33,719.89,0
D1218,36,5,187.93,5,21,0.28,982.73,0
D1342,44,4,199.63,5,14,0.21,797.79,0
D1162,32,15,36.75,3,5,0.75,532.57,1
D1098,18,11,33.46,1,0,0.55,322.71,1
D1246,41,4,187.7,7,21,0.1,783.38,0
D1471,29,5,70.24,2,10,0.14,344.47,1
D1358,31,11,81.14,3,18,0.18,844.09,1
D1274,39,2,193.04,7,12,0.18,332.87,0
D1164,18,11,48.76,2,0,0.52,492.66,1
D1249,45,5,180.85,7,24,0.38,780.49,0
D1127,19,17,39.03,2,7,0.66,754.5,1
D1082,25,11,45.48,1,5,0.56,540.92,1
D1439,30,11,101.82,3,16,0.08,1064.98,0
D1171,31,16,34.03,3,7,0.62,538.51,1
D1027,20,17,41.82,3,8,0.57,707.56,1
D1089,22,11,51.22,3,9,0.69,535.97,1
D1370,41,6,106.56,3,7,0.13,683.24,1
D1073,21,15,29.5,2,7,0.6,423.75,1
D1214,38,2,206.6,6,18,0.29,413.13,0
D1161,25,8,45.8,2,4,0.6,327.5,1
D1069,22,12,37.95,2,5,0.5,471.91,1
D1414,30,10,88.32,3,13,0.15,979.2,0
D1091,18,9,37.49,1,9,0.7,328.29,1
D1422,39,9,87.79,3,7,0.2,753.48,1
D1442,26,11,102.12,3,13,0.0,1200.86,0
D1360,31,12,111.11,4,12,0.12,1321.04,0
D1125,22,12,45.56,2,5,0.43,569.3,1
D1260,37,5,157.94,5,26,0.39,707.61,0
D1397,26,7,114.88,2,9,0.01,825.99,0
D1059,21,13,44.79,2,7,0.56,572.46,1
D1120,14,12,36.22,2,6,0.74,473.54,1
D1012,24,13,43.63,2,1,0.73,572.92,1
D1368,32,7,113.23,4,9,0.11,761.3,0
D1223,42,4,194.61,5,13,0.39,819.94,0
D1479,26,7,95.3,4,15,0.16,628.42,0
D1213,39,2,190.85,5,20,0.23,430.79,0
D1157,19,9,39.48,2,7,0.86,314.05,1
D1322,44,5,173.27,7,7,0.35,818.84,1
D1373,31,9,90.43,2,15,0.09,933.35,1
D1315,36,5,159.85,6,21,0.14,841.32,0
D1388,36,10,93.62,3,6,0.1,879.49,0
D1361,27,12,88.42,3,10,0.05,1019.28,1
D1428,39,9,96.96,4,15,0.17,856.79,0
D1328,41,3,170.3,5,10,0.24,464.86,0
D1285,42,4,139.34,6,12,0.29,583.51,0
D1088,25,7,49.44,1,4,0.59,310.55,1
D1305,44,5,184.26,5,7,0.36,1019.35,1
D1131,14,8,35.37,3,6,0.74,277.58,1
D1124,20,11,45.07,3,6,0.53,515.99,1
D1174,24,15,42.61,3,12,0.55,629.51,1
D1300,40,2,161.15,4,4,0.49,274.41,1
D1191,21,14,40.86,2,10,0.62,489.1,0
D1014,25,18,30.04,1,8,0.59,610.6,1
D1378,35,9,105.36,3,17,0.07,1036.08,0
D1232,42,2,179.13,8,20,0.27,310.49,0
D1123,24,13,51.89,2,8,0.63,745.24,1
D1138,19,11,34.25,3,7,0.47,325.9,1
D1111,32,10,42.47,2,0,0.54,470.44,1
D1051,20,14,42.72,1,5,0.61,557.18,1
D1112,20,14,41.99,2,3,0.45,585.65,1
D1009,19,12,45.13,2,6,0.71,585.04,1
D1019,26,12,38.76,2,8,0.5,518.04,1
D1016,24,10,42.1,2,5,0.79,439.7,1
D1261,40,3,179.31,7,8,0.3,607.49,0
D1000,21,17,40.28,2,0,0.62,775.52,1
D1374,34,11,91.6,3,12,0.15,1059.17,0
D1105,18,15,49.32,2,6,0.8,633.27,1
D1334,45,3,159.12,7,20,0.28,467.44,0
D1453,26,11,114.77,3,13,0.08,1386.96,0
D1462,36,8,78.26,4,16,0.08,637.93,1
D1286,43,3,149.91,6,19,0.31,467.46,0
D1426,42,10,116.83,3,15,0.12,1279.68,0
D1070,20,17,41.88,1,6,0.81,641.99,1
D1306,40,5,200.32,5,19,0.38,1009.52,0
D1238,40,4,152.41,6,16,0.42,589.18,1
D1271,42,4,171.19,5,25,0.4,707.29,0
D1038,21,11,43.34,2,9,0.6,446.95,1
D1150,23,12,47.11,1,6,0.65,632.5,1
D1284,42,3,187.8,6,13,0.42,506.81,0
D1436,31,10,98.32,3,10,0.0,914.92,0
D1163,21,17,38.64,2,5,0.53,755.07,1
D1167,27,15,40.11,3,6,0.57,655.28,1
D1233,50,3,129.82,6,15,0.26,415.55,0
D1206,41,4,203.61,6,14,0.33,735.33,0
D1188,20,13,46.29,3,4,0.51,550.96,1
D1412,33,11,99.69,3,11,0.12,940.51,1
D1451,32,7,105.11,2,14,0.15,694.85,0
D1145,21,8,41.09,1,3,0.67,297.44,1
D1458,37,8,94.85,3,10,0.1,810.25,1
D1408,35,9,96.52,2,7,0.12,774.01,0
D1379,32,8,90.73,3,11,0.07,754.56,0
D1331,38,4,165.09,7,18,0.22,691.6,0
D1345,39,2,167.0,6,11,0.22,305.15,1
D1042,25,13,49.78,2,10,0.5,665.88,1
D1160,23,16,36.31,1,3,0.51,562.21,1
D1386,32,5,94.59,3,10,0.01,483.01,0
D1267,38,4,166.69,6,15,0.34,694.7,0
D1291,32,4,175.18,7,18,0.24,649.17,0
D1272,39,4,164.35,5,18,0.35,633.5,0
D1472,25,10,92.78,4,18,0.0,931.55,0
D1314,41,4,187.17,6,11,0.25,712.58,0
D1175,24,11,45.96,2,5,0.68,471.29,1
D1445,38,7,89.04,4,7,0.08,539.87,1
D1341,45,4,187.43,5,10,0.32,714.06,0
D1229,40,4,196.97,8,30,0.36,729.41,0
D1350,38,8,104.22,3,13,0.06,901.16,0
D1268,37,4,202.61,5,7,0.35,874.02,0
D1401,36,11,106.5,3,14,0.11,1074.24,0
D1147,21,12,38.64,3,9,0.64,453.27,1
D1461,36,9,102.33,2,15,0.08,1023.53,0
D1228,43,2,162.86,5,17,0.31,296.34,0
D1100,18,11,31.72,2,4,0.69,310.68,1
D1438,30,8,97.57,2,14,0.1,874.09,0
D1053,26,14,35.39,2,4,0.72,534.88,1
D1227,43,4,167.5,5,7,0.38,600.45,1
D1447,28,9,95.81,2,18,0.14,792.73,0
D1478,44,10,92.79,3,8,0.04,986.13,1
D1154,28,14,42.09,2,2,0.56,547.21,1
D1251,37,5,157.17,6,12,0.35,840.58,0
D1158,24,12,52.21,2,7,0.58,584.54,1
D1044,17,16,43.91,1,4,0.76,774.64,1
D1113,20,15,37.88,2,4,0.55,517.86,1
D1304,40,4,140.34,5,21,0.41,506.9,0
D1211,43,2,200.59,6,19,0.24,404.92,0
D1108,27,12,41.25,2,2,0.48,463.93,1
D1169,20,13,39.07,2,1,0.52,472.16,1
D1079,21,14,46.81,2,4,0.77,739.31,1
D1452,30,7,102.66,4,10,0.08,739.45,1
D1084,18,12,40.15,2,6,0.48,498.12,1
D1008,29,11,41.57,3,3,0.57,439.11,1
D1032,29,17,37.3,2,4,0.59,684.02,1
D1099,25,11,29.84,2,6,0.53,299.04,1
D1416,32,7,104.66,3,5,0.05,678.37,1
D1392,40,10,101.82,4,5,0.13,1078.41,1
D1222,47,6,191.01,7,17,0.46,1199.99,1
D1028,29,14,29.59,2,6,0.66,416.39,1
D1470,33,8,100.22,2,17,0.1,877.02,0
D1055,21,11,39.81,1,9,0.83,424.45,1
D1455,33,9,77.64,3,9,0.11,774.82,1
D1372,28,8,89.42,2,10,0.12,771.26,0
D1048,21,11,33.73,2,0,0.73,329.96,1
D1394,26,10,102.35,5,9,0.11,1171.99,1
D1347,41,5,185.48,8,26,0.36,828.41,0
D1033,24,18,46.65,3,5,0.59,878.73,1
D1035,24,11,36.59,2,7,0.65,392.79,1
D1063,18,13,39.42,2,2,0.47,537.45,1
D1295,52,2,183.75,5,20,0.34,414.81,0
D1234,45,3,190.47,8,20,0.32,552.34,0
D1469,33,9,97.47,3,15,0.13,853.21,0
D1045,29,11,46.9,3,5,0.67,439.25,1
D1177,19,15,43.56,1,8,0.71,693.44,1
D1219,44,5,144.84,6,17,0.36,759.84,1
D1364,38,10,91.91,4,5,0.13,1003.83,1
D1296,47,4,172.06,6,22,0.34,629.8,0
D1021,19,16,47.03,2,8,0.63,689.7,1
D1248,40,2,199.78,6,12,0.29,354.9,1
D1199,30,9,43.09,2,2,0.55,376.97,1
D1137,17,15,47.61,2,3,0.33,622.21,1
D1024,22,11,41.72,1,0,0.58,427.8,1
D1184,22,14,47.24,2,7,0.5,586.68,1
D1205,44,4,155.5,5,21,0.31,613.04,0
D1134,21,17,44.15,2,4,0.72,835.56,1
D1299,44,3,187.83,5,13,0.3,512.08,0
D1116,23,13,44.2,2,3,0.71,555.37,1
D1212,39,3,201.38,5,21,0.27,595.54,0
D1433,32,10,87.28,3,9,0.06,879.39,1
D1410,34,10,79.63,3,18,0.13,771.86,0
D1318,49,3,186.49,6,27,0.28,635.62,0
D1231,39,5,134.74,5,18,0.34,708.84,0
D1217,33,5,187.12,7,22,0.19,962.24,0
D1056,23,15,48.52,3,4,0.62,811.85,1
D1377,35,9,87.54,3,12,0.06,886.37,1
D1351,26,9,96.73,2,10,0.08,930.14,1
D1349,40,3,152.51,6,25,0.13,411.26,0
D1181,21,15,33.95,2,3,0.65,491.71,1
D1097,18,13,44.1,2,6,0.54,583.83,1
D1114,21,12,33.29,2,2,0.81,363.69,1
D1278,35,4,172.43,5,9,0.25,699.96,0
D1118,26,14,40.64,2,4,0.58,579.38,1
D1359,35,8,96.95,4,10,0.03,662.61,0
D1170,22,6,46.47,2,5,0.76,312.63,1
D1454,34,8,108.7,4,15,0.06,896.17,0
D1054,14,8,36.09,1,2,0.41,267.11,1
D1176,17,13,37.12,2,8,0.78,469.43,1
D1327,38,4,155.81,5,25,0.45,700.33,0
D1194,28,10,44.13,1,4,0.56,465.3,1
D1198,23,14,37.53,3,7,0.69,584.89,1
D1182,20,12,45.12,1,2,0.77,622.05,1
D1464,33,8,92.7,3,18,0.04,772.24,0
D1103,27,10,44.29,1,2,0.55,438.17,1
D1220,27,4,179.55,7,20,0.25,655.21,0
D1130,22,18,47.31,1,9,0.81,976.06,1
D1338,40,2,169.99,5,11,0.26,339.35,0
D1346,38,3,158.64,6,9,0.26,518.48,1
D1060,22,11,51.8,2,4,0.48,493.1,1
D1094,15,17,44.95,2,1,0.61,751.24,1
D1193,25,14,35.04,2,5,0.46,462.69,1
D1140,24,13,43.25,2,3,0.73,567.27,1
D1148,25,12,43.29,1,9,0.62,580.21,1
D1202,40,4,200.67,5,29,0.32,776.13,0
D1152,17,12,44.95,2,3,0.37,590.69,1
D1337,33,2,174.49,6,21,0.37,345.93,0
D1389,32,9,82.86,3,13,0.11,807.24,0
D1010,30,11,30.55,2,0,0.71,317.72,1
D1269,40,4,171.05,6,7,0.15,732.1,1
D1096,21,9,49.97,2,8,0.73,460.64,1
D1210,46,3,151.09,6,22,0.1,396.41,0
D1240,38,4,138.19,7,22,0.28,548.97,0
D1057,19,14,42.75,1,5,0.38,616.65,1
D1301,43,5,157.36,6,27,0.34,851.06,0
D1365,29,9,117.78,3,20,0.11,913.32,0
D1036,29,14,42.19,2,11,0.6,629.92,1
D1429,32,10,85.15,3,10,0.09,781.04,1
D1020,20,10,35.72,2,4,0.63,377.34,1
D1421,32,7,112.5,2,7,0.15,798.31,1
D1332,41,4,183.3,7,7,0.4,780.4,0
D1075,19,15,40.87,2,8,0.47,552.55,1
D1200,42,4,193.73,5,24,0.27,880.59,0
D1077,23,14,40.73,2,0,0.57,646.79,1
D1263,33,5,169.81,5,9,0.39,903.5,1
D1473,30,8,88.86,3,7,0.1,618.05,1
D1149,16,16,42.95,2,0,0.67,644.95,1
D1420,23,12,91.38,4,16,0.1,1164.01,1
D1002,29,15,45.37,1,2,0.69,589.83,1
D1052,9,16,40.69,2,0,0.61,640.47,1
D1262,36,5,172.43,6,32,0.26,750.84,0
D1253,36,3,167.44,5,24,0.45,449.36,0
D1259,41,4,170.1,6,21,0.5,622.91,0
D1333,42,3,181.41,6,20,0.44,465.45,0
D1369,29,12,100.74,3,9,0.02,1206.77,1
D1321,44,5,203.44,5,13,0.2,1078.75,0
D1183,29,12,46.38,1,8,0.74,581.04,1
D1151,21,11,51.48,3,4,0.63,564.2,1
D1434,32,10,104.8,3,11,0.04,1134.09,0
D1302,36,4,142.46,9,23,0.21,516.06,0
D1190,23,15,42.98,2,8,0.65,595.9,1
D1074,25,16,39.33,2,6,0.69,685.96,1
D1348,45,3,166.67,6,34,0.31,522.7,0
D1243,37,3,198.06,6,16,0.18,652.07,0
D1463,34,8,99.02,3,13,0.09,887.85,0
D1087,26,16,40.72,2,6,0.68,606.14,1
D1239,42,3,188.91,8,8,0.51,510.96,0
D1143,23,16,33.3,2,0,0.58,552.84,1
D1399,36,11,85.31,3,10,0.15,1008.81,1
D1266,45,5,166.83,7,34,0.34,896.8,0
D1288,42,3,192.13,6,14,0.36,527.85,0
D1136,20,12,52.72,2,5,0.73,596.72,1
D1166,25,16,44.54,2,4,0.62,795.08,1
D1083,16,12,43.95,2,0,0.63,554.62,1
D1424,35,8,84.99,4,9,0.16,634.79,1
D1155,23,13,37.49,1,2,0.49,542.68,1
D1356,33,7,104.64,3,10,0.15,655.13,0
D1381,35,6,77.06,3,14,0.19,454.95,0
D1279,33,2,182.77,6,16,0.36,366.71,0
D1126,21,12,35.86,2,10,0.56,368.07,1
D1195,24,17,36.1,2,6,0.67,667.93,1
D1265,39,2,170.24,5,9,0.45,343.66,0
D1441,28,10,88.17,2,7,0.1,875.09,1
D1104,21,17,40.22,3,10,0.53,715.19,1
D1153,22,7,46.69,2,7,0.69,326.42,1
D1282,42,6,200.74,4,28,0.34,1132.72,0
D1391,37,9,87.7,4,9,0.0,807.92,1
D1226,39,4,119.12,8,9,0.3,423.09,0
D1367,33,9,87.09,4,15,0.15,732.23,1
D1025,19,13,46.61,1,1,0.83,631.91,1
D1196,25,14,43.79,2,6,0.52,704.45,1
D1064,23,13,48.4,2,8,0.42,571.84,1
D1015,25,9,42.61,2,5,0.7,385.97,1
D1297,48,4,157.82,8,21,0.31,539.63,0
D1371,33,10,131.57,4,13,0.11,1490.17,0
D1109,28,13,43.2,2,2,0.54,547.92,1
D1336,43,5,171.56,6,10,0.3,730.73,1
D1308,41,2,203.04,7,29,0.17,421.46,0
D1026,28,11,34.21,1,2,0.64,321.94,1
D1076,24,14,53.88,2,6,0.6,841.43,1
D1043,27,10,52.09,3,5,0.61,576.73,0
D1280,39,5,141.7,5,15,0.27,760.04,0
D1003,18,12,44.83,2,8,0.84,585.8,1
D1440,34,11,98.64,4,15,0.1,940.1,1
D1049,22,8,45.09,2,2,0.6,394.47,1
D1405,21,9,108.16,3,14,0.14,1032.23,1
D1387,32,10,100.93,2,8,0.12,1102.46,1
D1466,39,9,89.49,2,3,0.06,692.45,1
D1030,27,13,38.06,3,6,0.75,438.99,1
D1121,22,15,54.6,2,5,0.51,721.96,1
D1431,36,9,103.59,3,10,0.08,942.71,1
D1115,17,9,32.1,2,5,0.51,314.51,1
D1446,32,9,93.64,3,8,0.14,729.56,1
D1216,39,4,157.09,7,11,0.31,681.36,1
D1264,48,4,211.41,7,21,0.14,741.99,0
D1209,43,6,180.77,6,16,0.17,990.51,0
D1316,33,2,161.34,6,20,0.3,358.72,0
D1384,28,8,82.92,3,4,0.1,760.4,1
D1001,21,15,40.81,2,5,0.62,549.33,1
D1313,33,4,195.35,5,14,0.28,760.03,0
D1022,23,11,46.19,2,6,0.51,526.91,1
D1317,38,5,172.32,5,17,0.17,871.59,0
D1319,44,4,155.25,6,27,0.21,540.38,0
D1007,27,16,45.08,3,5,0.65,692.21,1
D1474,25,7,91.36,3,13,0.02,592.52,0
D1141,14,14,42.18,3,1,0.61,650.52,1
D1086,23,14,39.09,2,4,0.67,564.25,1
D1352,34,8,88.25,4,9,0.08,776.55,0
D1241,47,6,191.18,7,16,0.41,992.18,0
D1215,37,3,137.41,8,19,0.45,436.37,0
D1068,18,12,41.5,2,3,0.56,540.78,1
D1050,20,14,44.87,3,7,0.62,560.68,1
D1398,37,9,89.34,3,7,0.15,738.85,1
D1413,25,7,98.52,3,8,0.09,789.77,0
D1156,28,16,40.19,2,6,0.43,684.94,1
D1252,42,4,187.56,5,24,0.4,842.39,0
D1395,35,10,100.65,2,12,0.1,1154.9,1
D1402,34,10,88.65,3,11,0.14,997.92,0
D1357,30,9,110.6,3,8,0.12,864.26,0
D1254,40,4,162.88,6,12,0.26,601.32,0
D1276,39,3,177.33,7,20,0.23,567.05,0
D1178,30,17,40.64,1,0,0.64,696.06,1
D1281,38,5,160.92,6,19,0.26,788.79,0
D1390,30,10,77.37,3,11,0.03,780.14,1
D1237,40,5,186.52,6,21,0.26,963.32,0
D1071,23,16,32.18,1,7,0.64,446.04,1
D1460,38,6,94.59,3,15,0.07,597.15,1
D1129,20,12,43.59,2,9,0.5,556.06,1
D1144,15,15,43.58,2,9,0.64,727.46,1
D1448,31,10,88.2,2,22,0.05,955.8,0
D1335,32,4,177.29,6,20,0.33,783.94,0
D1133,21,11,48.17,2,4,0.6,514.56,1
D1203,40,3,183.79,7,23,0.16,540.51,0
D1393,27,9,100.3,2,16,0.05,897.33,1
D1255,37,5,162.05,7,23,0.38,891.87,0
D1072,20,19,40.34,2,6,0.84,809.74,1
D1396,34,10,94.48,3,13,0.14,858.95,1
D1235,42,2,180.57,4,13,0.23,351.01,0
D1037,24,19,35.88,2,6,0.61,639.91,1
