order_id,diner_id,item
O50000,D1293,biryani
O50000,D1293,salad
O50001,D1293,pizza
O50001,D1293,cola
O50002,D1283,pizza
O50002,D1283,pasta
O50002,D1283,dessert
O50003,D1283,pizza
O50003,D1283,pasta
O50003,D1283,dessert
O50004,D1034,burger
O50004,D1034,fries
O50004,D1034,cola
O50005,D1034,wrap
O50005,D1034,fries
O50005,D1034,cola
O50006,D1034,wrap
O50006,D1034,fries
O50006,D1034,cola
O50007,D1034,burger
O50007,D1034,fries
O50007,D1034,cola
O50008,D1034,burger
O50008,D1034,cola
O50009,D1034,burger
O50009,D1034,fries
O50009,D1034,cola
O50010,D1380,pasta
O50010,D1380,salad
O50010,D1380,coffee
O50011,D1380,sushi
O50011,D1380,coffee
O50012,D1380,sushi
O50012,D1380,miso_soup
O50012,D1380,green_tea
O50013,D1380,sushi
O50013,D1380,green_tea
O50014,D1430,pasta
O50014,D1430,salad
O50014,D1430,coffee
O50015,D1430,pasta
O50015,D1430,salad
O50015,D1430,coffee
O50016,D1430,salad
O50016,D1430,wine
O50017,D1430,pasta
O50017,D1430,coffee
O50018,D1363,pasta
O50018,D1363,salad
O50018,D1363,coffee
O50019,D1363,sushi
O50019,D1363,miso_soup
O50019,D1363,green_tea
O50020,D1363,sushi
O50020,D1363,salad
O50020,D1363,coffee
O50021,D1363,pasta
O50021,D1363,salad
O50021,D1363,coffee
O50022,D1383,sushi
O50022,D1383,miso_soup
O50022,D1383,green_tea
O50023,D1383,sushi
O50023,D1383,salad
O50023,D1383,coffee
O50024,D1383,salad
O50024,D1383,coffee
O50025,D1383,sushi
O50025,D1383,miso_soup
O50025,D1383,green_tea
O50026,D1066,cola
O50027,D1066,wrap
O50027,D1066,fries
O50027,D1066,cola
O50028,D1066,burger
O50028,D1066,fries
O50028,D1066,cola
O50029,D1066,wrap
O50029,D1066,fries
O50029,D1066,cola
O50030,D1066,fries
O50030,D1066,cola
O50031,D1066,cola
O50032,D1250,pizza
O50032,D1250,pasta
O50032,D1250,dessert
O50033,D1250,pizza
O50033,D1250,garlic_bread
O50033,D1250,dessert
O50034,D1031,wrap
O50034,D1031,fries
O50035,D1031,burger
O50035,D1031,fries
O50035,D1031,cola
O50036,D1031,fries
O50037,D1031,burger
O50037,D1031,fries
O50037,D1031,cola
O50038,D1031,burger
O50038,D1031,fries
O50038,D1031,cola
O50039,D1031,fries
O50039,D1031,cola
O50040,D1400,sushi
O50040,D1400,miso_soup
O50040,D1400,green_tea
O50041,D1400,miso_soup
O50042,D1400,sushi
O50042,D1400,green_tea
O50043,D1159,cola
O50044,D1159,fries
O50044,D1159,cola
O50045,D1159,wrap
O50045,D1159,fries
O50045,D1159,cola
O50046,D1159,burger
O50046,D1159,cola
O50047,D1159,burger
O50047,D1159,fries
O50047,D1159,cola
O50048,D1159,wrap
O50048,D1159,cola
O50049,D1168,burger
O50049,D1168,fries
O50049,D1168,cola
O50050,D1168,fries
O50050,D1168,cola
O50051,D1168,burger
O50051,D1168,fries
O50051,D1168,cola
O50052,D1168,fries
O50052,D1168,cola
O50053,D1168,wrap
O50053,D1168,fries
O50054,D1325,biryani
O50054,D1325,raita
O50054,D1325,dessert
O50055,D1325,pizza
O50055,D1325,dessert
O50056,D1186,fries
O50056,D1186,cola
O50057,D1186,wrap
O50057,D1186,fries
O50057,D1186,cola
O50058,D1186,burger
O50058,D1186,fries
O50058,D1186,cola
O50059,D1186,fries
O50059,D1186,cola
O50060,D1186,fries
O50060,D1186,cola
O50061,D1307,biryani
O50061,D1307,raita
O50061,D1307,salad
O50062,D1307,pizza
O50062,D1307,pasta
O50062,D1307,dessert
O50063,D1415,sushi
O50063,D1415,miso_soup
O50063,D1415,green_tea
O50064,D1415,pasta
O50064,D1415,salad
O50064,D1415,coffee
O50065,D1415,pasta
O50065,D1415,salad
O50065,D1415,coffee
O50066,D1415,sushi
O50066,D1415,miso_soup
O50066,D1415,green_tea
O50067,D1330,garlic_bread
O50067,D1330,dessert
O50068,D1330,pizza
O50068,D1330,garlic_bread
O50068,D1330,cola
O50068,D1330,dessert
O50069,D1047,burger
O50069,D1047,cola
O50070,D1047,burger
O50070,D1047,cola
O50071,D1047,burger
O50071,D1047,fries
O50071,D1047,cola
O50072,D1047,cola
O50073,D1047,burger
O50073,D1047,fries
O50073,D1047,cola
O50074,D1047,burger
O50074,D1047,fries
O50074,D1047,cola
O50075,D1204,raita
O50076,D1204,pizza
O50076,D1204,pasta
O50076,D1204,dessert
O50077,D1092,burger
O50077,D1092,cola
O50078,D1092,burger
O50078,D1092,cola
O50079,D1092,burger
O50080,D1092,burger
O50080,D1092,fries
O50080,D1092,cola
O50081,D1092,burger
O50081,D1092,cola
O50082,D1092,wrap
O50082,D1092,fries
O50083,D1303,pizza
O50083,D1303,garlic_bread
O50083,D1303,cola
O50083,D1303,dessert
O50084,D1303,biryani
O50084,D1303,raita
O50084,D1303,salad
O50085,D1309,pizza
O50085,D1309,garlic_bread
O50085,D1309,cola
O50085,D1309,dessert
O50086,D1309,pizza
O50086,D1309,pasta
O50086,D1309,dessert
O50087,D1423,coffee
O50088,D1423,sushi
O50088,D1423,salad
O50088,D1423,coffee
O50089,D1423,pasta
O50089,D1423,salad
O50089,D1423,coffee
O50090,D1292,pasta
O50090,D1292,dessert
O50091,D1292,pizza
O50091,D1292,garlic_bread
O50091,D1292,cola
O50091,D1292,dessert
O50092,D1382,sushi
O50092,D1382,salad
O50092,D1382,coffee
O50093,D1382,steak
O50093,D1382,salad
O50093,D1382,wine
O50094,D1382,sushi
O50094,D1382,green_tea
O50095,D1382,sushi
O50095,D1382,salad
O50095,D1382,coffee
O50096,D1382,pasta
O50096,D1382,salad
O50096,D1382,coffee
O50097,D1450,steak
O50097,D1450,salad
O50097,D1450,wine
O50098,D1450,steak
O50098,D1450,wine
O50099,D1450,steak
O50099,D1450,salad
O50099,D1450,wine
O50100,D1450,sushi
O50100,D1450,salad
O50100,D1450,coffee
O50101,D1456,salad
O50101,D1456,coffee
O50102,D1456,sushi
O50102,D1456,miso_soup
O50103,D1456,miso_soup
O50103,D1456,green_tea
O50104,D1456,sushi
O50104,D1456,miso_soup
O50104,D1456,green_tea
O50105,D1456,miso_soup
O50105,D1456,green_tea
O50106,D1004,fries
O50106,D1004,cola
O50107,D1004,burger
O50107,D1004,fries
O50108,D1004,wrap
O50108,D1004,fries
O50108,D1004,cola
O50109,D1004,fries
O50109,D1004,cola
O50110,D1004,wrap
O50110,D1004,fries
O50110,D1004,cola
O50111,D1004,wrap
O50111,D1004,fries
O50111,D1004,cola
O50112,D1067,burger
O50112,D1067,fries
O50112,D1067,cola
O50113,D1067,fries
O50113,D1067,cola
O50114,D1067,fries
O50114,D1067,cola
O50115,D1067,wrap
O50115,D1067,fries
O50115,D1067,cola
O50116,D1067,burger
O50116,D1067,fries
O50116,D1067,cola
O50117,D1067,burger
O50117,D1067,fries
O50117,D1067,cola
O50118,D1110,burger
O50118,D1110,cola
O50119,D1110,fries
O50119,D1110,cola
O50120,D1110,burger
O50120,D1110,fries
O50120,D1110,cola
O50121,D1110,fries
O50121,D1110,cola
O50122,D1110,fries
O50122,D1110,cola
O50123,D1110,wrap
O50123,D1110,fries
O50123,D1110,cola
O50124,D1312,biryani
O50124,D1312,raita
O50124,D1312,salad
O50125,D1312,pizza
O50125,D1312,pasta
O50125,D1312,dessert
O50126,D1244,biryani
O50126,D1244,raita
O50126,D1244,salad
O50127,D1244,pizza
O50127,D1244,pasta
O50127,D1244,dessert
O50128,D1207,biryani
O50128,D1207,raita
O50129,D1207,pizza
O50129,D1207,pasta
O50129,D1207,dessert
O50130,D1062,burger
O50130,D1062,cola
O50131,D1062,fries
O50131,D1062,cola
O50132,D1062,wrap
O50132,D1062,fries
O50133,D1062,burger
O50133,D1062,fries
O50133,D1062,cola
O50134,D1062,fries
O50134,D1062,cola
O50135,D1062,burger
O50135,D1062,fries
O50135,D1062,cola
O50136,D1355,sushi
O50136,D1355,salad
O50136,D1355,coffee
O50137,D1355,sushi
O50137,D1355,salad
O50138,D1355,pasta
O50138,D1355,coffee
O50139,D1355,sushi
O50139,D1355,green_tea
O50140,D1355,sushi
O50140,D1355,miso_soup
O50140,D1355,green_tea
O50141,D1320,pizza
O50141,D1320,pasta
O50141,D1320,dessert
O50142,D1320,biryani
O50142,D1320,raita
O50143,D1189,fries
O50143,D1189,cola
O50144,D1189,wrap
O50144,D1189,fries
O50144,D1189,cola
O50145,D1189,wrap
O50145,D1189,fries
O50146,D1189,burger
O50146,D1189,fries
O50146,D1189,cola
O50147,D1189,wrap
O50147,D1189,fries
O50147,D1189,cola
O50148,D1189,burger
O50148,D1189,fries
O50148,D1189,cola
O50149,D1179,burger
O50149,D1179,fries
O50149,D1179,cola
O50150,D1179,burger
O50150,D1179,cola
O50151,D1179,burger
O50151,D1179,cola
O50152,D1179,burger
O50152,D1179,cola
O50153,D1179,burger
O50153,D1179,fries
O50153,D1179,cola
O50154,D1179,fries
O50154,D1179,cola
O50155,D1298,biryani
O50155,D1298,raita
O50155,D1298,dessert
O50156,D1298,pizza
O50156,D1298,pasta
O50156,D1298,dessert
O50157,D1329,biryani
O50157,D1329,raita
O50157,D1329,salad
O50158,D1329,biryani
O50158,D1329,raita
O50159,D1437,sushi
O50159,D1437,miso_soup
O50159,D1437,green_tea
O50160,D1437,pasta
O50160,D1437,salad
O50160,D1437,coffee
O50161,D1437,salad
O50161,D1437,wine
O50162,D1437,sushi
O50162,D1437,salad
O50162,D1437,coffee
O50163,D1437,salad
O50163,D1437,coffee
O50164,D1005,fries
O50164,D1005,cola
O50165,D1005,fries
O50165,D1005,cola
O50166,D1005,burger
O50166,D1005,cola
O50167,D1005,burger
O50167,D1005,fries
O50168,D1005,burger
O50168,D1005,cola
O50169,D1005,burger
O50169,D1005,cola
O50170,D1065,cola
O50171,D1065,wrap
O50171,D1065,fries
O50171,D1065,cola
O50172,D1065,cola
O50173,D1065,fries
O50174,D1065,fries
O50174,D1065,cola
O50175,D1065,wrap
O50175,D1065,fries
O50175,D1065,cola
O50176,D1324,biryani
O50176,D1324,raita
O50176,D1324,dessert
O50177,D1324,biryani
O50177,D1324,raita
O50177,D1324,dessert
O50178,D1230,pizza
O50178,D1230,garlic_bread
O50178,D1230,cola
O50178,D1230,dessert
O50179,D1230,biryani
O50179,D1230,raita
O50179,D1230,salad
O50180,D1443,sushi
O50180,D1443,salad
O50180,D1443,coffee
O50181,D1443,sushi
O50181,D1443,salad
O50181,D1443,coffee
O50182,D1443,steak
O50182,D1443,salad
O50182,D1443,wine
O50183,D1443,miso_soup
O50183,D1443,green_tea
O50184,D1289,biryani
O50184,D1289,raita
O50184,D1289,salad
O50185,D1289,biryani
O50185,D1289,raita
O50185,D1289,salad
O50186,D1017,fries
O50186,D1017,cola
O50187,D1017,burger
O50187,D1017,fries
O50187,D1017,cola
O50188,D1017,burger
O50188,D1017,fries
O50189,D1017,cola
O50190,D1017,fries
O50190,D1017,cola
O50191,D1017,burger
O50191,D1017,cola
O50192,D1418,sushi
O50192,D1418,salad
O50193,D1418,miso_soup
O50193,D1418,green_tea
O50194,D1418,steak
O50194,D1418,salad
O50194,D1418,wine
O50195,D1418,steak
O50195,D1418,salad
O50195,D1418,wine
O50196,D1294,pizza
O50196,D1294,pasta
O50197,D1294,pizza
O50197,D1294,pasta
O50197,D1294,dessert
O50198,D1457,pasta
O50198,D1457,salad
O50198,D1457,coffee
O50199,D1457,sushi
O50199,D1457,miso_soup
O50200,D1457,steak
O50200,D1457,salad
O50200,D1457,wine
O50201,D1457,pasta
O50201,D1457,salad
O50201,D1457,coffee
O50202,D1457,sushi
O50202,D1457,salad
O50202,D1457,coffee
O50203,D1326,pizza
O50203,D1326,garlic_bread
O50203,D1326,cola
O50203,D1326,dessert
O50204,D1326,pizza
O50204,D1326,pasta
O50204,D1326,dessert
O50205,D1366,sushi
O50205,D1366,miso_soup
O50205,D1366,green_tea
O50206,D1366,pasta
O50206,D1366,salad
O50206,D1366,coffee
O50207,D1366,pasta
O50207,D1366,salad
O50207,D1366,coffee
O50208,D1366,sushi
O50208,D1366,miso_soup
O50208,D1366,green_tea
O50209,D1256,pizza
O50209,D1256,pasta
O50209,D1256,dessert
O50210,D1256,pizza
O50210,D1256,garlic_bread
O50210,D1256,dessert
O50211,D1201,raita
O50211,D1201,dessert
O50212,D1201,pizza
O50212,D1201,garlic_bread
O50212,D1201,cola
O50212,D1201,dessert
O50213,D1236,biryani
O50213,D1236,raita
O50213,D1236,salad
O50214,D1236,pizza
O50214,D1236,pasta
O50214,D1236,dessert
O50215,D1340,pizza
O50215,D1340,garlic_bread
O50215,D1340,cola
O50215,D1340,dessert
O50216,D1340,biryani
O50216,D1340,raita
O50216,D1340,dessert
O50217,D1275,biryani
O50217,D1275,raita
O50217,D1275,dessert
O50218,D1275,biryani
O50218,D1275,raita
O50218,D1275,salad
O50219,D1339,biryani
O50219,D1339,raita
O50219,D1339,dessert
O50220,D1339,pasta
O50221,D1128,burger
O50221,D1128,cola
O50222,D1128,wrap
O50222,D1128,cola
O50223,D1128,burger
O50223,D1128,cola
O50224,D1128,burger
O50224,D1128,cola
O50225,D1128,wrap
O50225,D1128,fries
O50225,D1128,cola
O50226,D1224,biryani
O50226,D1224,raita
O50226,D1224,salad
O50227,D1224,pizza
O50227,D1224,garlic_bread
O50227,D1224,cola
O50227,D1224,dessert
O50228,D1090,fries
O50228,D1090,cola
O50229,D1090,burger
O50229,D1090,fries
O50229,D1090,cola
O50230,D1090,cola
O50231,D1090,wrap
O50231,D1090,fries
O50231,D1090,cola
O50232,D1090,fries
O50233,D1090,burger
O50233,D1090,fries
O50233,D1090,cola
O50234,D1247,biryani
O50234,D1247,raita
O50234,D1247,salad
O50235,D1247,pizza
O50235,D1247,garlic_bread
O50235,D1247,cola
O50235,D1247,dessert
O50236,D1142,burger
O50236,D1142,fries
O50236,D1142,cola
O50237,D1142,burger
O50237,D1142,cola
O50238,D1142,wrap
O50238,D1142,fries
O50238,D1142,cola
O50239,D1142,fries
O50239,D1142,cola
O50240,D1142,wrap
O50240,D1142,fries
O50240,D1142,cola
O50241,D1142,wrap
O50241,D1142,fries
O50241,D1142,cola
O50242,D1449,steak
O50242,D1449,salad
O50243,D1449,sushi
O50243,D1449,miso_soup
O50243,D1449,green_tea
O50244,D1449,sushi
O50245,D1449,salad
O50245,D1449,coffee
O50246,D1029,wrap
O50246,D1029,fries
O50246,D1029,cola
O50247,D1029,wrap
O50247,D1029,fries
O50247,D1029,cola
O50248,D1029,burger
O50248,D1029,cola
O50249,D1029,fries
O50249,D1029,cola
O50250,D1029,cola
O50251,D1107,wrap
O50251,D1107,fries
O50251,D1107,cola
O50252,D1107,fries
O50252,D1107,cola
O50253,D1107,burger
O50253,D1107,cola
O50254,D1107,burger
O50254,D1107,fries
O50254,D1107,cola
O50255,D1107,burger
O50255,D1107,cola
O50256,D1107,wrap
O50256,D1107,fries
O50256,D1107,cola
O50257,D1444,sushi
O50257,D1444,salad
O50257,D1444,coffee
O50258,D1444,pasta
O50258,D1444,salad
O50258,D1444,coffee
O50259,D1444,salad
O50259,D1444,coffee
O50260,D1444,salad
O50260,D1444,coffee
O50261,D1444,sushi
O50261,D1444,salad
O50261,D1444,coffee
O50262,D1101,fries
O50262,D1101,cola
O50263,D1101,wrap
O50263,D1101,fries
O50263,D1101,cola
O50264,D1101,fries
O50264,D1101,cola
O50265,D1101,cola
O50266,D1101,burger
O50266,D1101,fries
O50267,D1273,biryani
O50267,D1273,dessert
O50268,D1273,garlic_bread
O50268,D1273,cola
O50268,D1273,dessert
O50269,D1344,raita
O50269,D1344,salad
O50270,D1344,pizza
O50270,D1344,garlic_bread
O50270,D1344,cola
O50270,D1344,dessert
O50271,D1404,sushi
O50271,D1404,miso_soup
O50272,D1404,sushi
O50272,D1404,miso_soup
O50272,D1404,green_tea
O50273,D1404,sushi
O50273,D1404,miso_soup
O50273,D1404,green_tea
O50274,D1404,sushi
O50274,D1404,miso_soup
O50274,D1404,green_tea
O50275,D1404,steak
O50275,D1404,salad
O50275,D1404,wine
O50276,D1468,pasta
O50276,D1468,salad
O50276,D1468,coffee
O50277,D1468,sushi
O50277,D1468,miso_soup
O50277,D1468,green_tea
O50278,D1468,steak
O50278,D1468,salad
O50278,D1468,wine
O50279,D1468,steak
O50279,D1468,salad
O50279,D1468,wine
O50280,D1468,steak
O50280,D1468,salad
O50280,D1468,wine
O50281,D1132,burger
O50281,D1132,cola
O50282,D1132,burger
O50282,D1132,fries
O50282,D1132,cola
O50283,D1132,burger
O50283,D1132,fries
O50283,D1132,cola
O50284,D1132,fries
O50284,D1132,cola
O50285,D1132,burger
O50285,D1132,fries
O50285,D1132,cola
O50286,D1270,biryani
O50286,D1270,raita
O50286,D1270,dessert
O50287,D1270,biryani
O50287,D1270,raita
O50287,D1270,dessert
O50288,D1146,fries
O50288,D1146,cola
O50289,D1146,fries
O50289,D1146,cola
O50290,D1146,cola
O50291,D1146,burger
O50291,D1146,fries
O50291,D1146,cola
O50292,D1146,burger
O50292,D1146,cola
O50293,D1225,biryani
O50293,D1225,raita
O50293,D1225,dessert
O50294,D1225,biryani
O50294,D1225,raita
O50294,D1225,salad
O50295,D1406,salad
O50295,D1406,coffee
O50296,D1406,sushi
O50296,D1406,salad
O50296,D1406,coffee
O50297,D1406,salad
O50297,D1406,coffee
O50298,D1406,pasta
O50298,D1406,salad
O50299,D1406,miso_soup
O50299,D1406,green_tea
O50300,D1425,steak
O50300,D1425,salad
O50301,D1425,sushi
O50301,D1425,salad
O50301,D1425,coffee
O50302,D1425,sushi
O50302,D1425,miso_soup
O50302,D1425,green_tea
O50303,D1425,steak
O50303,D1425,salad
O50303,D1425,wine
O50304,D1475,sushi
O50304,D1475,miso_soup
O50305,D1475,steak
O50305,D1475,wine
O50306,D1475,pasta
O50306,D1475,salad
O50306,D1475,coffee
O50307,D1102,burger
O50307,D1102,cola
O50308,D1102,wrap
O50308,D1102,fries
O50308,D1102,cola
O50309,D1102,fries
O50309,D1102,cola
O50310,D1102,fries
O50310,D1102,cola
O50311,D1102,burger
O50311,D1102,fries
O50311,D1102,cola
O50312,D1102,fries
O50312,D1102,cola
O50313,D1172,wrap
O50313,D1172,fries
O50314,D1172,burger
O50314,D1172,cola
O50315,D1172,burger
O50315,D1172,cola
O50316,D1172,wrap
O50316,D1172,fries
O50316,D1172,cola
O50317,D1172,fries
O50317,D1172,cola
O50318,D1172,fries
O50318,D1172,cola
O50319,D1417,sushi
O50319,D1417,green_tea
O50320,D1417,steak
O50320,D1417,salad
O50320,D1417,wine
O50321,D1417,steak
O50321,D1417,salad
O50321,D1417,wine
O50322,D1417,sushi
O50322,D1417,miso_soup
O50322,D1417,green_tea
O50323,D1187,wrap
O50323,D1187,fries
O50323,D1187,cola
O50324,D1187,burger
O50324,D1187,cola
O50325,D1187,burger
O50325,D1187,fries
O50325,D1187,cola
O50326,D1187,fries
O50327,D1187,burger
O50327,D1187,fries
O50327,D1187,cola
O50328,D1006,burger
O50328,D1006,fries
O50329,D1006,wrap
O50329,D1006,cola
O50330,D1006,cola
O50331,D1006,burger
O50332,D1006,fries
O50332,D1006,cola
O50333,D1006,burger
O50333,D1006,cola
O50334,D1403,salad
O50334,D1403,coffee
O50335,D1403,pasta
O50335,D1403,salad
O50335,D1403,coffee
O50336,D1403,sushi
O50336,D1403,miso_soup
O50336,D1403,green_tea
O50337,D1403,sushi
O50337,D1403,salad
O50337,D1403,coffee
O50338,D1403,sushi
O50338,D1403,salad
O50338,D1403,coffee
O50339,D1011,cola
O50340,D1011,fries
O50340,D1011,cola
O50341,D1011,fries
O50341,D1011,cola
O50342,D1011,fries
O50342,D1011,cola
O50343,D1011,cola
O50344,D1011,burger
O50344,D1011,fries
O50344,D1011,cola
O50345,D1180,cola
O50346,D1180,fries
O50346,D1180,cola
O50347,D1180,wrap
O50347,D1180,fries
O50347,D1180,cola
O50348,D1180,wrap
O50348,D1180,fries
O50348,D1180,cola
O50349,D1180,burger
O50349,D1180,cola
O50350,D1180,burger
O50350,D1180,cola
O50351,D1208,biryani
O50351,D1208,raita
O50351,D1208,salad
O50352,D1208,salad
O50353,D1477,pasta
O50353,D1477,salad
O50353,D1477,coffee
O50354,D1477,sushi
O50354,D1477,salad
O50354,D1477,coffee
O50355,D1477,sushi
O50355,D1477,miso_soup
O50355,D1477,green_tea
O50356,D1411,steak
O50356,D1411,salad
O50356,D1411,wine
O50357,D1411,salad
O50357,D1411,wine
O50358,D1411,sushi
O50358,D1411,salad
O50358,D1411,coffee
O50359,D1411,steak
O50359,D1411,salad
O50359,D1411,wine
O50360,D1419,steak
O50360,D1419,salad
O50360,D1419,wine
O50361,D1419,sushi
O50361,D1419,salad
O50361,D1419,coffee
O50362,D1419,sushi
O50362,D1419,salad
O50362,D1419,coffee
O50363,D1419,sushi
O50363,D1419,salad
O50363,D1419,coffee
O50364,D1419,pasta
O50364,D1419,salad
O50364,D1419,coffee
O50365,D1419,pasta
O50366,D1427,steak
O50366,D1427,wine
O50367,D1427,miso_soup
O50367,D1427,green_tea
O50368,D1427,steak
O50368,D1427,salad
O50368,D1427,wine
O50369,D1427,sushi
O50369,D1427,miso_soup
O50369,D1427,green_tea
O50370,D1058,wrap
O50370,D1058,fries
O50370,D1058,cola
O50371,D1058,burger
O50371,D1058,cola
O50372,D1058,fries
O50373,D1058,burger
O50373,D1058,fries
O50373,D1058,cola
O50374,D1058,burger
O50374,D1058,cola
O50375,D1058,fries
O50375,D1058,cola
O50376,D1362,sushi
O50376,D1362,coffee
O50377,D1362,sushi
O50377,D1362,miso_soup
O50377,D1362,green_tea
O50378,D1362,sushi
O50378,D1362,miso_soup
O50378,D1362,green_tea
O50379,D1078,burger
O50379,D1078,fries
O50379,D1078,cola
O50380,D1078,wrap
O50380,D1078,cola
O50381,D1078,burger
O50381,D1078,cola
O50382,D1078,burger
O50382,D1078,cola
O50383,D1078,burger
O50383,D1078,cola
O50384,D1078,fries
O50384,D1078,cola
O50385,D1242,biryani
O50385,D1242,dessert
O50386,D1242,biryani
O50386,D1242,raita
O50386,D1242,dessert
O50387,D1409,steak
O50387,D1409,salad
O50387,D1409,wine
O50388,D1409,steak
O50388,D1409,salad
O50388,D1409,wine
O50389,D1409,salad
O50389,D1409,wine
O50390,D1409,steak
O50390,D1409,salad
O50390,D1409,wine
O50391,D1409,pasta
O50391,D1409,coffee
O50392,D1407,sushi
O50392,D1407,miso_soup
O50392,D1407,green_tea
O50393,D1407,sushi
O50393,D1407,miso_soup
O50393,D1407,green_tea
O50394,D1407,sushi
O50394,D1407,miso_soup
O50394,D1407,green_tea
O50395,D1407,steak
O50395,D1407,wine
O50396,D1407,sushi
O50396,D1407,salad
O50396,D1407,coffee
O50397,D1407,sushi
O50397,D1407,coffee
O50398,D1165,wrap
O50398,D1165,fries
O50398,D1165,cola
O50400,D1165,fries
O50400,D1165,cola
O50401,D1165,wrap
O50401,D1165,cola
O50402,D1165,wrap
O50402,D1165,fries
O50402,D1165,cola
O50403,D1165,burger
O50403,D1165,fries
O50403,D1165,cola
O50404,D1117,fries
O50404,D1117,cola
O50405,D1117,fries
O50405,D1117,cola
O50406,D1117,burger
O50406,D1117,cola
O50407,D1258,biryani
O50407,D1258,raita
O50407,D1258,dessert
O50408,D1258,garlic_bread
O50408,D1258,cola
O50408,D1258,dessert
O50409,D1221,biryani
O50409,D1221,raita
O50409,D1221,dessert
O50410,D1221,pizza
O50410,D1221,pasta
O50410,D1221,dessert
O50411,D1376,sushi
O50411,D1376,salad
O50411,D1376,coffee
O50412,D1376,salad
O50412,D1376,coffee
O50413,D1376,steak
O50413,D1376,salad
O50413,D1376,wine
O50414,D1376,steak
O50414,D1376,salad
O50414,D1376,wine
O50415,D1376,sushi
O50415,D1376,green_tea
O50416,D1018,burger
O50416,D1018,cola
O50417,D1018,wrap
O50418,D1018,fries
O50419,D1018,fries
O50419,D1018,cola
O50420,D1018,burger
O50420,D1018,fries
O50421,D1018,fries
O50421,D1018,cola
O50422,D1040,fries
O50422,D1040,cola
O50423,D1040,burger
O50423,D1040,cola
O50424,D1040,burger
O50424,D1040,fries
O50424,D1040,cola
O50425,D1040,fries
O50425,D1040,cola
O50426,D1040,burger
O50426,D1040,fries
O50426,D1040,cola
O50427,D1040,burger
O50427,D1040,cola
O50428,D1257,biryani
O50428,D1257,raita
O50428,D1257,salad
O50429,D1257,pizza
O50429,D1257,pasta
O50429,D1257,dessert
O50430,D1119,burger
O50430,D1119,fries
O50431,D1119,cola
O50432,D1119,cola
O50433,D1119,wrap
O50433,D1119,fries
O50433,D1119,cola
O50434,D1119,burger
O50434,D1119,fries
O50434,D1119,cola
O50435,D1119,fries
O50435,D1119,cola
O50436,D1465,pasta
O50436,D1465,salad
O50436,D1465,coffee
O50437,D1465,sushi
O50437,D1465,miso_soup
O50437,D1465,green_tea
O50438,D1465,sushi
O50438,D1465,miso_soup
O50438,D1465,green_tea
O50439,D1311,pizza
O50439,D1311,garlic_bread
O50439,D1311,cola
O50439,D1311,dessert
O50440,D1311,biryani
O50440,D1311,raita
O50440,D1311,dessert
O50441,D1277,pizza
O50441,D1277,pasta
O50441,D1277,dessert
O50442,D1277,biryani
O50442,D1277,raita
O50442,D1277,dessert
O50443,D1139,burger
O50444,D1139,fries
O50444,D1139,cola
O50445,D1139,fries
O50445,D1139,cola
O50446,D1139,wrap
O50446,D1139,fries
O50446,D1139,cola
O50447,D1139,wrap
O50448,D1139,wrap
O50448,D1139,fries
O50448,D1139,cola
O50449,D1385,steak
O50449,D1385,salad
O50449,D1385,wine
O50450,D1385,green_tea
O50451,D1385,sushi
O50451,D1385,salad
O50451,D1385,coffee
O50452,D1385,steak
O50452,D1385,salad
O50452,D1385,wine
O50453,D1476,pasta
O50453,D1476,coffee
O50454,D1476,sushi
O50454,D1476,miso_soup
O50454,D1476,green_tea
O50455,D1476,steak
O50455,D1476,salad
O50455,D1476,wine
O50456,D1476,pasta
O50456,D1476,salad
O50456,D1476,coffee
O50457,D1476,sushi
O50457,D1476,salad
O50457,D1476,coffee
O50458,D1353,steak
O50458,D1353,salad
O50458,D1353,wine
O50459,D1353,pasta
O50459,D1353,salad
O50459,D1353,coffee
O50460,D1353,steak
O50460,D1353,wine
O50461,D1353,steak
O50461,D1353,salad
O50461,D1353,wine
O50462,D1080,fries
O50462,D1080,cola
O50463,D1080,wrap
O50463,D1080,fries
O50463,D1080,cola
O50464,D1080,burger
O50464,D1080,fries
O50464,D1080,cola
O50465,D1080,fries
O50465,D1080,cola
O50466,D1080,burger
O50466,D1080,fries
O50466,D1080,cola
O50467,D1080,wrap
O50467,D1080,fries
O50467,D1080,cola
O50468,D1046,burger
O50468,D1046,cola
O50469,D1046,burger
O50469,D1046,fries
O50470,D1046,fries
O50470,D1046,cola
O50471,D1046,fries
O50471,D1046,cola
O50472,D1046,burger
O50472,D1046,cola
O50473,D1046,burger
O50473,D1046,cola
O50474,D1135,fries
O50474,D1135,cola
O50475,D1135,burger
O50475,D1135,cola
O50476,D1135,burger
O50476,D1135,fries
O50476,D1135,cola
O50477,D1135,fries
O50477,D1135,cola
O50478,D1135,wrap
O50478,D1135,fries
O50478,D1135,cola
O50479,D1135,fries
O50479,D1135,cola
O50480,D1467,salad
O50480,D1467,wine
O50481,D1467,sushi
O50481,D1467,salad
O50481,D1467,coffee
O50482,D1467,pasta
O50482,D1467,salad
O50482,D1467,coffee
O50483,D1467,steak
O50483,D1467,salad
O50483,D1467,wine
O50484,D1467,sushi
O50484,D1467,green_tea
O50485,D1093,burger
O50485,D1093,cola
O50486,D1093,fries
O50486,D1093,cola
O50487,D1093,fries
O50487,D1093,cola
O50488,D1093,burger
O50488,D1093,cola
O50489,D1093,wrap
O50489,D1093,fries
O50489,D1093,cola
O50490,D1093,fries
O50490,D1093,cola
O50491,D1085,burger
O50491,D1085,cola
O50492,D1085,burger
O50492,D1085,cola
O50493,D1085,cola
O50494,D1085,fries
O50495,D1085,burger
O50495,D1085,cola
O50496,D1085,burger
O50496,D1085,fries
O50496,D1085,cola
O50497,D1375,sushi
O50497,D1375,coffee
O50498,D1375,pasta
O50498,D1375,coffee
O50499,D1375,steak
O50499,D1375,salad
O50499,D1375,wine
O50500,D1375,pasta
O50500,D1375,salad
O50500,D1375,coffee
O50501,D1375,sushi
O50501,D1375,miso_soup
O50501,D1375,green_tea
O50502,D1375,sushi
O50502,D1375,miso_soup
O50502,D1375,green_tea
O50503,D1081,fries
O50503,D1081,cola
O50504,D1081,burger
O50504,D1081,cola
O50505,D1081,burger
O50505,D1081,fries
O50505,D1081,cola
O50506,D1081,burger
O50506,D1081,cola
O50507,D1081,fries
O50507,D1081,cola
O50508,D1081,wrap
O50508,D1081,fries
O50508,D1081,cola
O50509,D1041,burger
O50509,D1041,fries
O50509,D1041,cola
O50510,D1041,burger
O50510,D1041,cola
O50511,D1041,burger
O50512,D1041,wrap
O50512,D1041,fries
O50512,D1041,cola
O50513,D1041,fries
O50513,D1041,cola
O50514,D1041,wrap
O50514,D1041,fries
O50514,D1041,cola
O50515,D1290,pizza
O50515,D1290,pasta
O50515,D1290,dessert
O50516,D1290,biryani
O50517,D1354,steak
O50517,D1354,salad
O50517,D1354,wine
O50518,D1354,salad
O50518,D1354,wine
O50519,D1354,steak
O50519,D1354,salad
O50519,D1354,wine
O50520,D1185,burger
O50520,D1185,fries
O50520,D1185,cola
O50521,D1185,fries
O50521,D1185,cola
O50522,D1185,burger
O50522,D1185,cola
O50523,D1185,burger
O50523,D1185,fries
O50523,D1185,cola
O50524,D1185,burger
O50524,D1185,fries
O50524,D1185,cola
O50525,D1245,pizza
O50525,D1245,garlic_bread
O50525,D1245,cola
O50525,D1245,dessert
O50526,D1245,biryani
O50526,D1245,raita
O50526,D1245,salad
O50527,D1432,steak
O50528,D1432,sushi
O50528,D1432,salad
O50528,D1432,coffee
O50529,D1432,sushi
O50529,D1432,salad
O50530,D1432,steak
O50530,D1432,salad
O50530,D1432,wine
O50531,D1432,pasta
O50531,D1432,salad
O50531,D1432,coffee
O50532,D1173,burger
O50532,D1173,cola
O50533,D1173,wrap
O50533,D1173,fries
O50533,D1173,cola
O50534,D1173,fries
O50534,D1173,cola
O50535,D1173,wrap
O50535,D1173,fries
O50535,D1173,cola
O50536,D1173,burger
O50536,D1173,cola
O50537,D1173,fries
O50537,D1173,cola
O50538,D1459,steak
O50538,D1459,wine
O50539,D1459,steak
O50539,D1459,salad
O50539,D1459,wine
O50540,D1459,sushi
O50540,D1459,salad
O50540,D1459,coffee
O50541,D1459,sushi
O50541,D1459,salad
O50541,D1459,coffee
O50542,D1459,sushi
O50542,D1459,miso_soup
O50542,D1459,green_tea
O50543,D1310,pizza
O50543,D1310,pasta
O50543,D1310,dessert
O50544,D1310,pizza
O50544,D1310,pasta
O50544,D1310,dessert
O50545,D1106,cola
O50546,D1106,wrap
O50546,D1106,fries
O50546,D1106,cola
O50547,D1106,fries
O50547,D1106,cola
O50548,D1106,burger
O50548,D1106,cola
O50549,D1106,wrap
O50549,D1106,fries
O50550,D1106,wrap
O50550,D1106,fries
O50551,D1435,sushi
O50551,D1435,miso_soup
O50551,D1435,green_tea
O50552,D1435,sushi
O50552,D1435,green_tea
O50553,D1435,sushi
O50553,D1435,salad
O50553,D1435,coffee
O50554,D1435,salad
O50554,D1435,coffee
O50555,D1323,pizza
O50555,D1323,garlic_bread
O50555,D1323,cola
O50555,D1323,dessert
O50556,D1323,pizza
O50556,D1323,pasta
O50556,D1323,dessert
O50557,D1197,burger
O50557,D1197,cola
O50558,D1197,wrap
O50558,D1197,fries
O50558,D1197,cola
O50559,D1197,cola
O50560,D1197,fries
O50560,D1197,cola
O50561,D1197,wrap
O50561,D1197,fries
O50561,D1197,cola
O50562,D1197,fries
O50562,D1197,cola
O50563,D1192,fries
O50564,D1192,fries
O50564,D1192,cola
O50565,D1192,burger
O50565,D1192,cola
O50566,D1192,burger
O50566,D1192,cola
O50567,D1192,wrap
O50567,D1192,fries
O50567,D1192,cola
O50568,D1192,burger
O50568,D1192,fries
O50568,D1192,cola
O50569,D1095,burger
O50569,D1095,fries
O50569,D1095,cola
O50570,D1095,wrap
O50570,D1095,fries
O50570,D1095,cola
O50571,D1095,cola
O50572,D1095,fries
O50572,D1095,cola
O50573,D1095,burger
O50573,D1095,fries
O50574,D1095,wrap
O50574,D1095,fries
O50574,D1095,cola
O50575,D1122,wrap
O50575,D1122,fries
O50575,D1122,cola
O50576,D1122,fries
O50576,D1122,cola
O50577,D1122,burger
O50577,D1122,cola
O50578,D1122,wrap
O50578,D1122,fries
O50578,D1122,cola
O50579,D1122,burger
O50579,D1122,cola
O50580,D1122,fries
O50580,D1122,cola
O50581,D1023,fries
O50582,D1023,burger
O50582,D1023,cola
O50583,D1023,fries
O50583,D1023,cola
O50584,D1023,wrap
O50584,D1023,fries
O50584,D1023,cola
O50585,D1023,cola
O50586,D1023,wrap
O50586,D1023,fries
O50586,D1023,cola
O50587,D1013,burger
O50587,D1013,cola
O50588,D1013,burger
O50588,D1013,fries
O50588,D1013,cola
O50589,D1013,fries
O50589,D1013,cola
O50590,D1013,burger
O50590,D1013,fries
O50591,D1013,burger
O50591,D1013,cola
O50592,D1013,wrap
O50592,D1013,fries
O50592,D1013,cola
O50593,D1061,wrap
O50593,D1061,fries
O50593,D1061,cola
O50594,D1061,wrap
O50594,D1061,fries
O50596,D1061,burger
O50596,D1061,fries
O50596,D1061,cola
O50597,D1061,fries
O50597,D1061,cola
O50598,D1061,fries
O50598,D1061,cola
O50599,D1287,pizza
O50599,D1287,garlic_bread
O50599,D1287,cola
O50599,D1287,dessert
O50600,D1287,biryani
O50600,D1287,raita
O50600,D1287,dessert
O50601,D1039,fries
O50601,D1039,cola
O50602,D1039,wrap
O50602,D1039,fries
O50602,D1039,cola
O50603,D1039,fries
O50603,D1039,cola
O50604,D1039,wrap
O50604,D1039,fries
O50604,D1039,cola
O50605,D1039,burger
O50605,D1039,cola
O50606,D1039,burger
O50606,D1039,cola
O50607,D1343,biryani
O50607,D1343,raita
O50607,D1343,dessert
O50608,D1343,biryani
O50609,D1218,pizza
O50609,D1218,pasta
O50609,D1218,dessert
O50610,D1218,biryani
O50610,D1218,raita
O50610,D1218,salad
O50611,D1342,biryani
O50611,D1342,raita
O50611,D1342,salad
O50612,D1342,pizza
O50612,D1342,garlic_bread
O50612,D1342,dessert
O50613,D1162,burger
O50613,D1162,cola
O50614,D1162,burger
O50614,D1162,cola
O50615,D1162,wrap
O50615,D1162,fries
O50615,D1162,cola
O50616,D1162,fries
O50616,D1162,cola
O50617,D1162,fries
O50617,D1162,cola
O50618,D1162,burger
O50619,D1098,fries
O50619,D1098,cola
O50620,D1098,fries
O50620,D1098,cola
O50621,D1098,fries
O50621,D1098,cola
O50622,D1098,burger
O50622,D1098,cola
O50623,D1098,fries
O50623,D1098,cola
O50624,D1246,pizza
O50624,D1246,garlic_bread
O50624,D1246,cola
O50625,D1246,biryani
O50625,D1246,raita
O50626,D1471,sushi
O50626,D1471,miso_soup
O50627,D1471,sushi
O50627,D1471,salad
O50627,D1471,coffee
O50628,D1358,sushi
O50628,D1358,miso_soup
O50628,D1358,green_tea
O50629,D1358,miso_soup
O50629,D1358,green_tea
O50630,D1358,sushi
O50630,D1358,miso_soup
O50630,D1358,green_tea
O50631,D1358,pasta
O50631,D1358,salad
O50631,D1358,coffee
O50632,D1358,pasta
O50632,D1358,coffee
O50633,D1274,dessert
O50634,D1274,pizza
O50634,D1274,dessert
O50635,D1164,wrap
O50635,D1164,fries
O50635,D1164,cola
O50636,D1164,wrap
O50636,D1164,fries
O50636,D1164,cola
O50637,D1164,fries
O50638,D1164,burger
O50638,D1164,cola
O50639,D1164,wrap
O50639,D1164,fries
O50639,D1164,cola
O50640,D1249,pizza
O50640,D1249,garlic_bread
O50640,D1249,cola
O50640,D1249,dessert
O50641,D1249,garlic_bread
O50641,D1249,cola
O50641,D1249,dessert
O50642,D1127,wrap
O50642,D1127,cola
O50643,D1127,burger
O50643,D1127,fries
O50643,D1127,cola
O50644,D1127,wrap
O50644,D1127,fries
O50644,D1127,cola
O50645,D1127,burger
O50645,D1127,cola
O50646,D1127,fries
O50646,D1127,cola
O50647,D1127,burger
O50647,D1127,cola
O50648,D1082,cola
O50649,D1082,burger
O50649,D1082,fries
O50649,D1082,cola
O50650,D1082,fries
O50650,D1082,cola
O50652,D1082,fries
O50652,D1082,cola
O50653,D1439,sushi
O50653,D1439,miso_soup
O50653,D1439,green_tea
O50654,D1439,steak
O50654,D1439,salad
O50654,D1439,wine
O50655,D1439,coffee
O50656,D1439,steak
O50656,D1439,salad
O50656,D1439,wine
O50657,D1439,sushi
O50657,D1439,salad
O50657,D1439,coffee
O50658,D1171,burger
O50658,D1171,cola
O50659,D1171,fries
O50659,D1171,cola
O50660,D1171,burger
O50660,D1171,cola
O50661,D1171,burger
O50661,D1171,fries
O50661,D1171,cola
O50662,D1171,wrap
O50662,D1171,fries
O50662,D1171,cola
O50663,D1171,fries
O50663,D1171,cola
O50664,D1027,fries
O50664,D1027,cola
O50665,D1027,burger
O50665,D1027,cola
O50666,D1027,cola
O50667,D1027,burger
O50667,D1027,fries
O50668,D1027,fries
O50669,D1027,burger
O50669,D1027,fries
O50669,D1027,cola
O50670,D1089,cola
O50671,D1089,burger
O50671,D1089,fries
O50671,D1089,cola
O50672,D1089,wrap
O50672,D1089,fries
O50672,D1089,cola
O50673,D1089,wrap
O50673,D1089,fries
O50673,D1089,cola
O50674,D1089,burger
O50674,D1089,fries
O50675,D1370,sushi
O50675,D1370,salad
O50675,D1370,coffee
O50676,D1370,pasta
O50676,D1370,salad
O50676,D1370,coffee
O50677,D1370,salad
O50677,D1370,coffee
O50678,D1073,burger
O50678,D1073,fries
O50678,D1073,cola
O50679,D1073,burger
O50679,D1073,fries
O50679,D1073,cola
O50680,D1073,wrap
O50680,D1073,fries
O50680,D1073,cola
O50681,D1073,fries
O50681,D1073,cola
O50682,D1073,wrap
O50682,D1073,fries
O50682,D1073,cola
O50683,D1073,burger
O50683,D1073,cola
O50684,D1214,pizza
O50684,D1214,garlic_bread
O50684,D1214,cola
O50684,D1214,dessert
O50685,D1214,pizza
O50685,D1214,garlic_bread
O50685,D1214,cola
O50685,D1214,dessert
O50686,D1161,wrap
O50686,D1161,fries
O50686,D1161,cola
O50687,D1161,burger
O50687,D1161,cola
O50688,D1161,wrap
O50688,D1161,fries
O50688,D1161,cola
O50689,D1161,wrap
O50689,D1161,fries
O50689,D1161,cola
O50690,D1069,burger
O50690,D1069,cola
O50691,D1069,wrap
O50691,D1069,fries
O50691,D1069,cola
O50692,D1069,fries
O50692,D1069,cola
O50693,D1069,fries
O50693,D1069,cola
O50694,D1069,burger
O50694,D1069,fries
O50694,D1069,cola
O50695,D1069,burger
O50695,D1069,fries
O50695,D1069,cola
O50696,D1414,sushi
O50696,D1414,salad
O50696,D1414,coffee
O50697,D1414,steak
O50697,D1414,salad
O50697,D1414,wine
O50698,D1414,steak
O50698,D1414,salad
O50698,D1414,wine
O50699,D1414,steak
O50699,D1414,salad
O50699,D1414,wine
O50700,D1414,sushi
O50700,D1414,salad
O50700,D1414,coffee
O50701,D1091,fries
O50702,D1091,fries
O50702,D1091,cola
O50703,D1091,wrap
O50703,D1091,cola
O50704,D1091,wrap
O50704,D1091,fries
O50704,D1091,cola
O50705,D1422,sushi
O50705,D1422,miso_soup
O50705,D1422,green_tea
O50706,D1422,salad
O50706,D1422,wine
O50707,D1422,sushi
O50707,D1422,salad
O50707,D1422,coffee
O50708,D1422,sushi
O50708,D1422,salad
O50708,D1422,coffee
O50709,D1442,sushi
O50709,D1442,miso_soup
O50709,D1442,green_tea
O50710,D1442,steak
O50710,D1442,salad
O50710,D1442,wine
O50711,D1442,sushi
O50711,D1442,miso_soup
O50712,D1442,salad
O50712,D1442,coffee
O50713,D1442,sushi
O50713,D1442,salad
O50713,D1442,coffee
O50714,D1360,salad
O50714,D1360,wine
O50715,D1360,pasta
O50715,D1360,salad
O50715,D1360,coffee
O50716,D1360,sushi
O50716,D1360,salad
O50716,D1360,coffee
O50717,D1360,pasta
O50717,D1360,salad
O50717,D1360,coffee
O50718,D1360,pasta
O50718,D1360,salad
O50718,D1360,coffee
O50719,D1360,steak
O50719,D1360,salad
O50719,D1360,wine
O50720,D1125,fries
O50720,D1125,cola
O50721,D1125,burger
O50721,D1125,cola
O50722,D1125,fries
O50722,D1125,cola
O50723,D1125,burger
O50724,D1125,burger
O50724,D1125,fries
O50724,D1125,cola
O50725,D1125,wrap
O50725,D1125,cola
O50726,D1260,pizza
O50726,D1260,garlic_bread
O50726,D1260,cola
O50726,D1260,dessert
O50727,D1260,biryani
O50727,D1260,dessert
O50728,D1397,sushi
O50728,D1397,salad
O50728,D1397,coffee
O50729,D1397,steak
O50729,D1397,salad
O50729,D1397,wine
O50730,D1397,sushi
O50730,D1397,miso_soup
O50730,D1397,green_tea
O50731,D1059,burger
O50731,D1059,cola
O50732,D1059,fries
O50732,D1059,cola
O50733,D1059,burger
O50734,D1059,fries
O50734,D1059,cola
O50735,D1059,burger
O50735,D1059,fries
O50735,D1059,cola
O50736,D1059,wrap
O50736,D1059,fries
O50736,D1059,cola
O50737,D1120,fries
O50737,D1120,cola
O50738,D1120,burger
O50738,D1120,fries
O50738,D1120,cola
O50739,D1120,burger
O50739,D1120,cola
O50740,D1120,burger
O50740,D1120,fries
O50740,D1120,cola
O50741,D1120,wrap
O50741,D1120,fries
O50741,D1120,cola
O50742,D1120,wrap
O50742,D1120,fries
O50742,D1120,cola
O50743,D1012,burger
O50743,D1012,fries
O50743,D1012,cola
O50744,D1012,wrap
O50744,D1012,fries
O50744,D1012,cola
O50745,D1012,fries
O50746,D1012,burger
O50746,D1012,cola
O50747,D1012,burger
O50747,D1012,cola
O50748,D1012,burger
O50748,D1012,fries
O50748,D1012,cola
O50749,D1368,sushi
O50749,D1368,salad
O50749,D1368,coffee
O50750,D1368,steak
O50750,D1368,salad
O50750,D1368,wine
O50751,D1368,pasta
O50751,D1368,coffee
O50752,D1223,raita
O50752,D1223,dessert
O50753,D1223,raita
O50753,D1223,salad
O50754,D1479,sushi
O50754,D1479,salad
O50754,D1479,coffee
O50755,D1479,salad
O50755,D1479,wine
O50756,D1479,sushi
O50756,D1479,salad
O50756,D1479,coffee
O50757,D1213,pizza
O50757,D1213,pasta
O50757,D1213,dessert
O50758,D1213,biryani
O50758,D1213,raita
O50758,D1213,dessert
O50759,D1157,wrap
O50759,D1157,fries
O50759,D1157,cola
O50760,D1157,wrap
O50760,D1157,fries
O50760,D1157,cola
O50761,D1157,burger
O50761,D1157,fries
O50761,D1157,cola
O50762,D1157,fries
O50762,D1157,cola
O50763,D1322,biryani
O50763,D1322,raita
O50763,D1322,salad
O50764,D1322,pizza
O50764,D1322,pasta
O50764,D1322,dessert
O50765,D1373,sushi
O50765,D1373,salad
O50766,D1373,sushi
O50766,D1373,miso_soup
O50766,D1373,green_tea
O50767,D1373,steak
O50767,D1373,salad
O50767,D1373,wine
O50768,D1373,sushi
O50768,D1373,salad
O50768,D1373,coffee
O50769,D1315,pizza
O50769,D1315,dessert
O50770,D1315,pizza
O50770,D1315,garlic_bread
O50770,D1315,dessert
O50771,D1388,steak
O50771,D1388,salad
O50771,D1388,wine
O50772,D1388,pasta
O50772,D1388,salad
O50772,D1388,coffee
O50773,D1388,steak
O50773,D1388,salad
O50773,D1388,wine
O50774,D1388,pasta
O50774,D1388,coffee
O50775,D1388,sushi
O50775,D1388,miso_soup
O50775,D1388,green_tea
O50776,D1361,steak
O50776,D1361,salad
O50776,D1361,wine
O50777,D1361,steak
O50777,D1361,salad
O50777,D1361,wine
O50778,D1361,sushi
O50778,D1361,salad
O50778,D1361,coffee
O50779,D1361,salad
O50779,D1361,wine
O50780,D1361,sushi
O50780,D1361,salad
O50780,D1361,coffee
O50781,D1361,salad
O50781,D1361,wine
O50782,D1428,steak
O50782,D1428,salad
O50782,D1428,wine
O50783,D1428,steak
O50783,D1428,salad
O50783,D1428,wine
O50784,D1428,sushi
O50784,D1428,miso_soup
O50784,D1428,green_tea
O50785,D1428,sushi
O50785,D1428,miso_soup
O50785,D1428,green_tea
O50786,D1328,pizza
O50786,D1328,pasta
O50787,D1328,biryani
O50787,D1328,raita
O50787,D1328,dessert
O50788,D1285,pizza
O50788,D1285,pasta
O50788,D1285,dessert
O50789,D1285,biryani
O50789,D1285,raita
O50789,D1285,dessert
O50790,D1088,fries
O50790,D1088,cola
O50791,D1088,wrap
O50791,D1088,fries
O50791,D1088,cola
O50792,D1088,burger
O50792,D1088,cola
O50793,D1305,biryani
O50794,D1305,biryani
O50794,D1305,raita
O50794,D1305,dessert
O50795,D1131,fries
O50795,D1131,cola
O50796,D1131,fries
O50796,D1131,cola
O50797,D1131,burger
O50797,D1131,cola
O50798,D1131,fries
O50798,D1131,cola
O50799,D1124,wrap
O50799,D1124,cola
O50800,D1124,burger
O50800,D1124,cola
O50801,D1124,fries
O50801,D1124,cola
O50802,D1124,fries
O50802,D1124,cola
O50803,D1124,wrap
O50803,D1124,fries
O50803,D1124,cola
O50804,D1174,burger
O50804,D1174,cola
O50805,D1174,burger
O50805,D1174,fries
O50805,D1174,cola
O50806,D1174,burger
O50806,D1174,cola
O50807,D1174,wrap
O50807,D1174,fries
O50807,D1174,cola
O50808,D1174,burger
O50808,D1174,cola
O50809,D1174,wrap
O50809,D1174,fries
O50809,D1174,cola
O50810,D1300,biryani
O50810,D1300,raita
O50810,D1300,salad
O50811,D1300,biryani
O50811,D1300,raita
O50811,D1300,salad
O50812,D1191,burger
O50812,D1191,cola
O50813,D1191,fries
O50813,D1191,cola
O50814,D1191,fries
O50814,D1191,cola
O50815,D1191,burger
O50815,D1191,fries
O50815,D1191,cola
O50816,D1191,burger
O50816,D1191,cola
O50817,D1191,fries
O50818,D1014,wrap
O50818,D1014,fries
O50818,D1014,cola
O50819,D1014,burger
O50819,D1014,cola
O50820,D1014,wrap
O50820,D1014,fries
O50820,D1014,cola
O50821,D1014,fries
O50821,D1014,cola
O50822,D1014,burger
O50822,D1014,cola
O50823,D1014,wrap
O50823,D1014,fries
O50823,D1014,cola
O50824,D1378,steak
O50824,D1378,salad
O50824,D1378,wine
O50825,D1378,steak
O50825,D1378,salad
O50825,D1378,wine
O50826,D1378,salad
O50826,D1378,wine
O50827,D1378,sushi
O50827,D1378,salad
O50827,D1378,coffee
O50828,D1232,pizza
O50828,D1232,pasta
O50828,D1232,dessert
O50829,D1232,raita
O50829,D1232,salad
O50830,D1123,wrap
O50830,D1123,fries
O50830,D1123,cola
O50831,D1123,wrap
O50831,D1123,fries
O50832,D1123,fries
O50832,D1123,cola
O50833,D1123,burger
O50833,D1123,fries
O50833,D1123,cola
O50834,D1123,burger
O50834,D1123,fries
O50835,D1123,fries
O50835,D1123,cola
O50836,D1138,wrap
O50836,D1138,fries
O50836,D1138,cola
O50837,D1138,burger
O50837,D1138,cola
O50838,D1138,burger
O50838,D1138,fries
O50838,D1138,cola
O50839,D1138,wrap
O50839,D1138,fries
O50839,D1138,cola
O50840,D1138,wrap
O50840,D1138,fries
O50840,D1138,cola
O50841,D1111,wrap
O50841,D1111,fries
O50841,D1111,cola
O50842,D1111,burger
O50842,D1111,fries
O50842,D1111,cola
O50843,D1111,fries
O50843,D1111,cola
O50844,D1111,burger
O50844,D1111,cola
O50845,D1111,wrap
O50845,D1111,fries
O50845,D1111,cola
O50846,D1051,burger
O50846,D1051,cola
O50847,D1051,wrap
O50847,D1051,fries
O50848,D1051,burger
O50848,D1051,cola
O50849,D1051,burger
O50849,D1051,fries
O50849,D1051,cola
O50850,D1051,fries
O50850,D1051,cola
O50851,D1051,burger
O50851,D1051,cola
O50852,D1112,fries
O50852,D1112,cola
O50853,D1112,fries
O50853,D1112,cola
O50854,D1112,fries
O50854,D1112,cola
O50855,D1112,burger
O50855,D1112,cola
O50856,D1112,wrap
O50856,D1112,fries
O50856,D1112,cola
O50857,D1112,burger
O50857,D1112,cola
O50858,D1009,fries
O50858,D1009,cola
O50859,D1009,fries
O50859,D1009,cola
O50860,D1009,burger
O50860,D1009,cola
O50861,D1009,fries
O50861,D1009,cola
O50862,D1009,cola
O50863,D1009,burger
O50864,D1019,burger
O50864,D1019,cola
O50865,D1019,burger
O50865,D1019,fries
O50865,D1019,cola
O50866,D1019,burger
O50866,D1019,fries
O50866,D1019,cola
O50867,D1019,burger
O50867,D1019,fries
O50867,D1019,cola
O50868,D1019,fries
O50869,D1019,burger
O50869,D1019,cola
O50870,D1016,burger
O50870,D1016,fries
O50870,D1016,cola
O50871,D1016,wrap
O50871,D1016,fries
O50871,D1016,cola
O50872,D1016,fries
O50872,D1016,cola
O50873,D1016,burger
O50873,D1016,cola
O50874,D1016,wrap
O50874,D1016,fries
O50874,D1016,cola
O50875,D1261,biryani
O50875,D1261,raita
O50875,D1261,salad
O50876,D1261,pizza
O50876,D1261,pasta
O50876,D1261,dessert
O50877,D1000,burger
O50877,D1000,cola
O50878,D1000,fries
O50878,D1000,cola
O50879,D1000,wrap
O50879,D1000,fries
O50880,D1000,wrap
O50880,D1000,fries
O50880,D1000,cola
O50881,D1000,burger
O50881,D1000,fries
O50881,D1000,cola
O50882,D1000,wrap
O50882,D1000,fries
O50882,D1000,cola
O50883,D1374,pasta
O50883,D1374,salad
O50883,D1374,coffee
O50884,D1374,salad
O50884,D1374,wine
O50885,D1374,steak
O50885,D1374,salad
O50885,D1374,wine
O50886,D1374,pasta
O50886,D1374,salad
O50886,D1374,coffee
O50887,D1374,steak
O50887,D1374,wine
O50888,D1105,burger
O50888,D1105,fries
O50888,D1105,cola
O50889,D1105,burger
O50889,D1105,cola
O50890,D1105,burger
O50890,D1105,fries
O50890,D1105,cola
O50891,D1105,burger
O50891,D1105,cola
O50892,D1105,burger
O50892,D1105,cola
O50893,D1105,fries
O50893,D1105,cola
O50894,D1334,biryani
O50894,D1334,raita
O50894,D1334,dessert
O50895,D1334,biryani
O50895,D1334,raita
O50895,D1334,dessert
O50896,D1453,sushi
O50896,D1453,green_tea
O50897,D1453,pasta
O50897,D1453,salad
O50897,D1453,coffee
O50898,D1453,sushi
O50898,D1453,salad
O50898,D1453,coffee
O50899,D1453,steak
O50899,D1453,salad
O50899,D1453,wine
O50900,D1453,pasta
O50900,D1453,salad
O50900,D1453,coffee
O50901,D1462,steak
O50901,D1462,salad
O50901,D1462,wine
O50902,D1462,pasta
O50902,D1462,salad
O50902,D1462,coffee
O50903,D1462,sushi
O50903,D1462,miso_soup
O50903,D1462,green_tea
O50904,D1462,sushi
O50904,D1462,salad
O50904,D1462,coffee
O50905,D1286,garlic_bread
O50905,D1286,cola
O50905,D1286,dessert
O50906,D1286,pizza
O50906,D1286,pasta
O50906,D1286,dessert
O50907,D1426,steak
O50907,D1426,salad
O50907,D1426,wine
O50908,D1426,steak
O50908,D1426,salad
O50908,D1426,wine
O50909,D1426,pasta
O50909,D1426,salad
O50909,D1426,coffee
O50910,D1426,sushi
O50910,D1426,miso_soup
O50910,D1426,green_tea
O50911,D1426,sushi
O50911,D1426,salad
O50911,D1426,coffee
O50912,D1070,fries
O50912,D1070,cola
O50914,D1070,burger
O50914,D1070,cola
O50915,D1070,burger
O50915,D1070,fries
O50915,D1070,cola
O50916,D1070,fries
O50916,D1070,cola
O50917,D1070,wrap
O50917,D1070,fries
O50917,D1070,cola
O50918,D1306,raita
O50918,D1306,dessert
O50919,D1306,biryani
O50919,D1306,raita
O50919,D1306,dessert
O50920,D1238,biryani
O50920,D1238,raita
O50920,D1238,salad
O50921,D1238,pizza
O50921,D1238,pasta
O50921,D1238,dessert
O50922,D1271,biryani
O50922,D1271,raita
O50922,D1271,salad
O50923,D1271,pizza
O50923,D1271,garlic_bread
O50923,D1271,cola
O50923,D1271,dessert
O50924,D1038,fries
O50924,D1038,cola
O50925,D1038,cola
O50926,D1038,wrap
O50926,D1038,fries
O50926,D1038,cola
O50927,D1038,wrap
O50927,D1038,cola
O50928,D1038,burger
O50928,D1038,fries
O50928,D1038,cola
O50929,D1150,burger
O50929,D1150,fries
O50929,D1150,cola
O50930,D1150,fries
O50930,D1150,cola
O50931,D1150,wrap
O50931,D1150,fries
O50931,D1150,cola
O50932,D1150,fries
O50932,D1150,cola
O50933,D1150,fries
O50933,D1150,cola
O50934,D1150,burger
O50934,D1150,fries
O50934,D1150,cola
O50935,D1284,biryani
O50935,D1284,raita
O50935,D1284,salad
O50936,D1284,biryani
O50936,D1284,raita
O50936,D1284,dessert
O50937,D1436,steak
O50937,D1436,salad
O50937,D1436,wine
O50938,D1436,pasta
O50938,D1436,salad
O50938,D1436,coffee
O50939,D1436,sushi
O50939,D1436,miso_soup
O50939,D1436,green_tea
O50940,D1436,sushi
O50940,D1436,salad
O50940,D1436,coffee
O50941,D1436,sushi
O50941,D1436,miso_soup
O50941,D1436,green_tea
O50942,D1163,wrap
O50942,D1163,fries
O50942,D1163,cola
O50943,D1163,burger
O50943,D1163,fries
O50943,D1163,cola
O50944,D1163,burger
O50944,D1163,fries
O50944,D1163,cola
O50945,D1163,burger
O50945,D1163,fries
O50945,D1163,cola
O50946,D1163,burger
O50946,D1163,fries
O50946,D1163,cola
O50947,D1163,burger
O50947,D1163,fries
O50947,D1163,cola
O50948,D1167,wrap
O50948,D1167,fries
O50948,D1167,cola
O50949,D1167,wrap
O50949,D1167,fries
O50949,D1167,cola
O50950,D1167,burger
O50950,D1167,fries
O50951,D1167,burger
O50951,D1167,cola
O50952,D1167,fries
O50953,D1167,burger
O50953,D1167,fries
O50953,D1167,cola
O50954,D1233,pizza
O50954,D1233,pasta
O50954,D1233,dessert
O50955,D1233,pasta
O50955,D1233,dessert
O50956,D1206,pizza
O50956,D1206,dessert
O50957,D1206,biryani
O50957,D1206,raita
O50958,D1188,burger
O50958,D1188,fries
O50958,D1188,cola
O50959,D1188,burger
O50959,D1188,cola
O50960,D1188,burger
O50960,D1188,fries
O50960,D1188,cola
O50961,D1188,wrap
O50961,D1188,fries
O50961,D1188,cola
O50962,D1188,fries
O50962,D1188,cola
O50963,D1188,wrap
O50963,D1188,fries
O50963,D1188,cola
O50964,D1412,steak
O50964,D1412,salad
O50965,D1412,steak
O50965,D1412,salad
O50965,D1412,wine
O50966,D1412,sushi
O50966,D1412,miso_soup
O50966,D1412,green_tea
O50967,D1412,pasta
O50967,D1412,salad
O50967,D1412,coffee
O50968,D1412,sushi
O50968,D1412,miso_soup
O50968,D1412,green_tea
O50969,D1451,sushi
O50969,D1451,miso_soup
O50969,D1451,green_tea
O50970,D1451,pasta
O50970,D1451,salad
O50970,D1451,coffee
O50971,D1451,sushi
O50971,D1451,miso_soup
O50971,D1451,green_tea
O50972,D1145,fries
O50972,D1145,cola
O50973,D1145,burger
O50974,D1145,fries
O50974,D1145,cola
O50975,D1145,fries
O50975,D1145,cola
O50976,D1458,pasta
O50976,D1458,salad
O50976,D1458,coffee
O50977,D1458,pasta
O50977,D1458,salad
O50977,D1458,coffee
O50978,D1458,sushi
O50978,D1458,miso_soup
O50978,D1458,green_tea
O50979,D1458,sushi
O50979,D1458,miso_soup
O50979,D1458,green_tea
O50980,D1408,pasta
O50980,D1408,salad
O50980,D1408,coffee
O50981,D1408,steak
O50981,D1408,salad
O50981,D1408,wine
O50982,D1408,sushi
O50982,D1408,miso_soup
O50982,D1408,green_tea
O50983,D1408,sushi
O50983,D1408,green_tea
O50984,D1379,pasta
O50984,D1379,coffee
O50985,D1379,pasta
O50985,D1379,salad
O50986,D1379,sushi
O50986,D1379,miso_soup
O50986,D1379,green_tea
O50987,D1379,sushi
O50987,D1379,salad
O50987,D1379,coffee
O50988,D1331,pizza
O50988,D1331,pasta
O50988,D1331,dessert
O50989,D1331,pizza
O50989,D1331,garlic_bread
O50989,D1331,cola
O50989,D1331,dessert
O50990,D1345,biryani
O50990,D1345,raita
O50990,D1345,dessert
O50991,D1345,pizza
O50991,D1345,garlic_bread
O50991,D1345,dessert
O50992,D1042,fries
O50992,D1042,cola
O50993,D1042,fries
O50993,D1042,cola
O50994,D1042,wrap
O50994,D1042,fries
O50994,D1042,cola
O50995,D1042,fries
O50995,D1042,cola
O50996,D1042,burger
O50996,D1042,cola
O50997,D1042,burger
O50997,D1042,fries
O50997,D1042,cola
O50998,D1160,burger
O50998,D1160,fries
O50998,D1160,cola
O50999,D1160,wrap
O50999,D1160,fries
O50999,D1160,cola
O51000,D1160,fries
O51000,D1160,cola
O51001,D1160,wrap
O51001,D1160,fries
O51001,D1160,cola
O51002,D1160,wrap
O51002,D1160,fries
O51002,D1160,cola
O51003,D1160,burger
O51004,D1386,steak
O51004,D1386,salad
O51004,D1386,wine
O51005,D1386,steak
O51005,D1386,salad
O51005,D1386,wine
O51006,D1267,biryani
O51006,D1267,raita
O51006,D1267,salad
O51007,D1267,pasta
O51007,D1267,dessert
O51008,D1291,pizza
O51008,D1291,pasta
O51008,D1291,dessert
O51009,D1291,pizza
O51009,D1291,pasta
O51009,D1291,dessert
O51010,D1272,biryani
O51010,D1272,raita
O51010,D1272,salad
O51011,D1272,pizza
O51011,D1272,pasta
O51011,D1272,dessert
O51012,D1472,pasta
O51012,D1472,salad
O51012,D1472,coffee
O51013,D1472,sushi
O51013,D1472,miso_soup
O51013,D1472,green_tea
O51014,D1472,sushi
O51014,D1472,salad
O51014,D1472,coffee
O51015,D1472,pasta
O51015,D1472,salad
O51015,D1472,coffee
O51016,D1472,salad
O51016,D1472,coffee
O51017,D1314,biryani
O51017,D1314,raita
O51017,D1314,dessert
O51018,D1314,pizza
O51018,D1314,pasta
O51018,D1314,dessert
O51019,D1175,fries
O51019,D1175,cola
O51020,D1175,burger
O51020,D1175,cola
O51021,D1175,fries
O51021,D1175,cola
O51022,D1175,burger
O51022,D1175,cola
O51023,D1175,burger
O51023,D1175,cola
O51024,D1445,pasta
O51024,D1445,salad
O51024,D1445,coffee
O51025,D1445,pasta
O51025,D1445,salad
O51025,D1445,coffee
O51026,D1445,wine
O51027,D1341,pizza
O51027,D1341,pasta
O51027,D1341,dessert
O51028,D1341,biryani
O51028,D1341,raita
O51028,D1341,dessert
O51029,D1229,raita
O51029,D1229,dessert
O51030,D1229,pizza
O51030,D1229,pasta
O51030,D1229,dessert
O51031,D1350,sushi
O51031,D1350,salad
O51031,D1350,coffee
O51032,D1350,sushi
O51032,D1350,miso_soup
O51032,D1350,green_tea
O51033,D1350,sushi
O51033,D1350,salad
O51033,D1350,coffee
O51034,D1350,pasta
O51034,D1350,salad
O51034,D1350,coffee
O51035,D1268,pizza
O51035,D1268,pasta
O51035,D1268,dessert
O51036,D1268,biryani
O51036,D1268,raita
O51036,D1268,dessert
O51037,D1401,steak
O51037,D1401,salad
O51037,D1401,wine
O51038,D1401,sushi
O51038,D1401,miso_soup
O51038,D1401,green_tea
O51039,D1401,sushi
O51039,D1401,salad
O51039,D1401,coffee
O51040,D1401,steak
O51040,D1401,salad
O51040,D1401,wine
O51041,D1401,pasta
O51041,D1401,salad
O51041,D1401,coffee
O51042,D1147,burger
O51042,D1147,fries
O51042,D1147,cola
O51043,D1147,cola
O51044,D1147,wrap
O51044,D1147,fries
O51044,D1147,cola
O51045,D1147,cola
O51046,D1147,burger
O51046,D1147,fries
O51046,D1147,cola
O51047,D1147,burger
O51048,D1461,steak
O51048,D1461,salad
O51048,D1461,wine
O51049,D1461,sushi
O51049,D1461,miso_soup
O51049,D1461,green_tea
O51050,D1461,pasta
O51050,D1461,salad
O51051,D1461,steak
O51051,D1461,salad
O51051,D1461,wine
O51052,D1228,biryani
O51052,D1228,raita
O51052,D1228,salad
O51053,D1228,biryani
O51053,D1228,raita
O51053,D1228,salad
O51054,D1100,fries
O51054,D1100,cola
O51055,D1100,burger
O51055,D1100,cola
O51056,D1100,wrap
O51056,D1100,fries
O51056,D1100,cola
O51057,D1100,burger
O51057,D1100,fries
O51057,D1100,cola
O51058,D1100,burger
O51058,D1100,cola
O51059,D1438,pasta
O51059,D1438,salad
O51059,D1438,coffee
O51060,D1438,sushi
O51060,D1438,salad
O51060,D1438,coffee
O51061,D1438,steak
O51061,D1438,salad
O51061,D1438,wine
O51062,D1438,salad
O51063,D1053,fries
O51063,D1053,cola
O51064,D1053,burger
O51065,D1053,wrap
O51065,D1053,fries
O51065,D1053,cola
O51066,D1053,burger
O51066,D1053,cola
O51067,D1053,fries
O51067,D1053,cola
O51068,D1053,fries
O51068,D1053,cola
O51069,D1227,biryani
O51069,D1227,raita
O51069,D1227,dessert
O51070,D1227,pizza
O51070,D1227,garlic_bread
O51070,D1227,cola
O51070,D1227,dessert
O51071,D1447,pasta
O51071,D1447,salad
O51071,D1447,coffee
O51072,D1447,steak
O51072,D1447,salad
O51072,D1447,wine
O51073,D1447,sushi
O51073,D1447,salad
O51073,D1447,coffee
O51074,D1447,sushi
O51074,D1447,salad
O51074,D1447,coffee
O51075,D1478,pasta
O51075,D1478,salad
O51075,D1478,coffee
O51076,D1478,steak
O51076,D1478,salad
O51076,D1478,wine
O51077,D1478,sushi
O51077,D1478,green_tea
O51078,D1478,sushi
O51078,D1478,salad
O51078,D1478,coffee
O51079,D1478,sushi
O51079,D1478,salad
O51079,D1478,coffee
O51080,D1154,burger
O51080,D1154,cola
O51081,D1154,burger
O51081,D1154,fries
O51081,D1154,cola
O51082,D1154,cola
O51083,D1154,burger
O51083,D1154,cola
O51084,D1154,burger
O51084,D1154,cola
O51085,D1154,wrap
O51085,D1154,fries
O51085,D1154,cola
O51086,D1251,biryani
O51086,D1251,raita
O51086,D1251,dessert
O51087,D1251,biryani
O51087,D1251,raita
O51087,D1251,dessert
O51088,D1158,burger
O51088,D1158,fries
O51088,D1158,cola
O51089,D1158,fries
O51089,D1158,cola
O51091,D1158,wrap
O51091,D1158,fries
O51091,D1158,cola
O51092,D1158,fries
O51093,D1158,wrap
O51093,D1158,fries
O51093,D1158,cola
O51094,D1044,burger
O51094,D1044,fries
O51094,D1044,cola
O51095,D1044,fries
O51095,D1044,cola
O51096,D1044,burger
O51096,D1044,fries
O51096,D1044,cola
O51097,D1044,fries
O51097,D1044,cola
O51098,D1044,fries
O51099,D1044,fries
O51099,D1044,cola
O51100,D1113,burger
O51100,D1113,fries
O51100,D1113,cola
O51101,D1113,fries
O51101,D1113,cola
O51102,D1113,burger
O51102,D1113,cola
O51103,D1113,cola
O51104,D1113,burger
O51104,D1113,fries
O51104,D1113,cola
O51105,D1113,wrap
O51105,D1113,fries
O51105,D1113,cola
O51106,D1304,biryani
O51106,D1304,raita
O51106,D1304,dessert
O51107,D1304,pizza
O51107,D1304,garlic_bread
O51107,D1304,dessert
O51108,D1211,biryani
O51108,D1211,raita
O51108,D1211,dessert
O51109,D1211,pizza
O51109,D1211,pasta
O51110,D1108,burger
O51110,D1108,cola
O51111,D1108,burger
O51111,D1108,cola
O51112,D1108,burger
O51112,D1108,fries
O51113,D1108,wrap
O51113,D1108,fries
O51113,D1108,cola
O51114,D1108,burger
O51114,D1108,cola
O51115,D1108,fries
O51115,D1108,cola
O51116,D1169,burger
O51116,D1169,cola
O51117,D1169,burger
O51117,D1169,cola
O51118,D1169,wrap
O51118,D1169,fries
O51118,D1169,cola
O51119,D1169,wrap
O51119,D1169,fries
O51119,D1169,cola
O51120,D1169,fries
O51120,D1169,cola
O51121,D1169,burger
O51121,D1169,fries
O51121,D1169,cola
O51122,D1079,burger
O51122,D1079,fries
O51122,D1079,cola
O51123,D1079,wrap
O51123,D1079,fries
O51123,D1079,cola
O51124,D1079,fries
O51124,D1079,cola
O51125,D1079,fries
O51126,D1079,burger
O51126,D1079,cola
O51127,D1079,burger
O51127,D1079,fries
O51127,D1079,cola
O51128,D1452,steak
O51128,D1452,salad
O51128,D1452,wine
O51129,D1452,sushi
O51129,D1452,miso_soup
O51129,D1452,green_tea
O51130,D1452,sushi
O51130,D1452,salad
O51130,D1452,coffee
O51131,D1084,wrap
O51131,D1084,fries
O51132,D1084,burger
O51133,D1084,cola
O51134,D1084,burger
O51134,D1084,fries
O51134,D1084,cola
O51135,D1084,burger
O51135,D1084,cola
O51136,D1084,fries
O51136,D1084,cola
O51137,D1008,burger
O51137,D1008,cola
O51138,D1008,burger
O51138,D1008,cola
O51139,D1008,cola
O51140,D1008,fries
O51140,D1008,cola
O51141,D1008,burger
O51141,D1008,fries
O51141,D1008,cola
O51142,D1032,cola
O51143,D1032,burger
O51143,D1032,fries
O51144,D1032,burger
O51144,D1032,cola
O51145,D1032,burger
O51145,D1032,fries
O51145,D1032,cola
O51146,D1032,wrap
O51146,D1032,fries
O51146,D1032,cola
O51147,D1032,wrap
O51147,D1032,fries
O51147,D1032,cola
O51148,D1099,burger
O51148,D1099,fries
O51148,D1099,cola
O51149,D1099,burger
O51149,D1099,fries
O51149,D1099,cola
O51150,D1099,burger
O51150,D1099,cola
O51151,D1099,fries
O51151,D1099,cola
O51152,D1099,wrap
O51152,D1099,fries
O51152,D1099,cola
O51153,D1416,sushi
O51154,D1416,steak
O51154,D1416,salad
O51154,D1416,wine
O51155,D1416,pasta
O51155,D1416,salad
O51156,D1392,sushi
O51156,D1392,miso_soup
O51156,D1392,green_tea
O51157,D1392,steak
O51157,D1392,salad
O51157,D1392,wine
O51158,D1392,sushi
O51158,D1392,miso_soup
O51158,D1392,green_tea
O51159,D1392,sushi
O51159,D1392,salad
O51159,D1392,coffee
O51160,D1392,sushi
O51160,D1392,miso_soup
O51160,D1392,green_tea
O51161,D1222,pizza
O51161,D1222,garlic_bread
O51161,D1222,cola
O51161,D1222,dessert
O51162,D1222,biryani
O51162,D1222,raita
O51162,D1222,salad
O51163,D1222,biryani
O51163,D1222,raita
O51164,D1028,wrap
O51164,D1028,fries
O51164,D1028,cola
O51165,D1028,burger
O51165,D1028,fries
O51165,D1028,cola
O51166,D1028,fries
O51166,D1028,cola
O51167,D1028,burger
O51167,D1028,fries
O51167,D1028,cola
O51168,D1028,burger
O51168,D1028,cola
O51169,D1028,fries
O51169,D1028,cola
O51170,D1470,sushi
O51170,D1470,miso_soup
O51170,D1470,green_tea
O51171,D1470,sushi
O51171,D1470,miso_soup
O51171,D1470,green_tea
O51172,D1470,steak
O51172,D1470,salad
O51172,D1470,wine
O51173,D1470,sushi
O51173,D1470,salad
O51173,D1470,coffee
O51174,D1055,burger
O51174,D1055,fries
O51174,D1055,cola
O51175,D1055,wrap
O51175,D1055,fries
O51176,D1055,burger
O51176,D1055,fries
O51176,D1055,cola
O51177,D1055,burger
O51177,D1055,fries
O51177,D1055,cola
O51178,D1055,wrap
O51178,D1055,fries
O51178,D1055,cola
O51179,D1455,pasta
O51179,D1455,salad
O51179,D1455,coffee
O51180,D1455,sushi
O51181,D1455,steak
O51181,D1455,salad
O51181,D1455,wine
O51182,D1455,sushi
O51182,D1455,salad
O51182,D1455,coffee
O51183,D1372,steak
O51183,D1372,salad
O51183,D1372,wine
O51184,D1372,sushi
O51184,D1372,salad
O51184,D1372,coffee
O51185,D1372,sushi
O51185,D1372,salad
O51185,D1372,coffee
O51186,D1372,pasta
O51187,D1048,burger
O51187,D1048,cola
O51188,D1048,burger
O51188,D1048,fries
O51188,D1048,cola
O51189,D1048,fries
O51189,D1048,cola
O51190,D1048,wrap
O51190,D1048,fries
O51190,D1048,cola
O51191,D1048,wrap
O51191,D1048,fries
O51191,D1048,cola
O51192,D1394,miso_soup
O51192,D1394,green_tea
O51193,D1394,sushi
O51193,D1394,salad
O51193,D1394,coffee
O51194,D1394,sushi
O51194,D1394,salad
O51194,D1394,coffee
O51195,D1394,sushi
O51195,D1394,salad
O51195,D1394,coffee
O51196,D1394,sushi
O51196,D1394,miso_soup
O51196,D1394,green_tea
O51197,D1347,biryani
O51197,D1347,raita
O51197,D1347,dessert
O51198,D1347,pizza
O51198,D1347,garlic_bread
O51198,D1347,cola
O51198,D1347,dessert
O51199,D1033,wrap
O51199,D1033,cola
O51200,D1033,burger
O51200,D1033,cola
O51201,D1033,burger
O51201,D1033,cola
O51202,D1033,cola
O51203,D1033,fries
O51203,D1033,cola
O51204,D1033,burger
O51204,D1033,cola
O51205,D1035,burger
O51205,D1035,cola
O51206,D1035,fries
O51207,D1035,wrap
O51207,D1035,fries
O51207,D1035,cola
O51208,D1035,wrap
O51208,D1035,fries
O51208,D1035,cola
O51209,D1035,fries
O51209,D1035,cola
O51210,D1063,burger
O51210,D1063,fries
O51210,D1063,cola
O51211,D1063,fries
O51211,D1063,cola
O51212,D1063,burger
O51212,D1063,cola
O51213,D1063,fries
O51213,D1063,cola
O51214,D1063,fries
O51214,D1063,cola
O51215,D1063,wrap
O51215,D1063,fries
O51215,D1063,cola
O51216,D1295,biryani
O51216,D1295,raita
O51216,D1295,dessert
O51217,D1295,biryani
O51217,D1295,salad
O51218,D1234,biryani
O51218,D1234,raita
O51219,D1234,pizza
O51219,D1234,pasta
O51219,D1234,dessert
O51220,D1469,sushi
O51220,D1469,miso_soup
O51220,D1469,green_tea
O51221,D1469,sushi
O51221,D1469,salad
O51221,D1469,coffee
O51222,D1469,pasta
O51222,D1469,salad
O51222,D1469,coffee
O51223,D1469,sushi
O51223,D1469,miso_soup
O51223,D1469,green_tea
O51224,D1045,burger
O51224,D1045,cola
O51225,D1045,wrap
O51225,D1045,fries
O51225,D1045,cola
O51226,D1045,burger
O51226,D1045,fries
O51226,D1045,cola
O51227,D1045,cola
O51228,D1045,burger
O51228,D1045,fries
O51228,D1045,cola
O51229,D1177,fries
O51229,D1177,cola
O51230,D1177,wrap
O51230,D1177,fries
O51230,D1177,cola
O51231,D1177,wrap
O51231,D1177,fries
O51231,D1177,cola
O51232,D1177,wrap
O51232,D1177,fries
O51232,D1177,cola
O51233,D1177,fries
O51234,D1177,burger
O51234,D1177,fries
O51234,D1177,cola
O51235,D1219,biryani
O51235,D1219,raita
O51235,D1219,salad
O51236,D1219,pizza
O51236,D1219,garlic_bread
O51236,D1219,cola
O51236,D1219,dessert
O51237,D1364,salad
O51237,D1364,coffee
O51238,D1364,sushi
O51238,D1364,miso_soup
O51240,D1364,steak
O51240,D1364,salad
O51240,D1364,wine
O51241,D1364,steak
O51241,D1364,salad
O51241,D1364,wine
O51242,D1296,pizza
O51242,D1296,garlic_bread
O51242,D1296,cola
O51242,D1296,dessert
O51243,D1296,biryani
O51243,D1296,raita
O51243,D1296,dessert
O51244,D1021,wrap
O51244,D1021,fries
O51244,D1021,cola
O51245,D1021,burger
O51245,D1021,fries
O51245,D1021,cola
O51246,D1021,fries
O51246,D1021,cola
O51247,D1021,fries
O51247,D1021,cola
O51248,D1021,burger
O51248,D1021,cola
O51249,D1021,burger
O51249,D1021,cola
O51250,D1248,pizza
O51250,D1248,pasta
O51250,D1248,dessert
O51251,D1248,biryani
O51251,D1248,raita
O51251,D1248,dessert
O51252,D1199,fries
O51252,D1199,cola
O51253,D1199,burger
O51253,D1199,cola
O51254,D1199,fries
O51254,D1199,cola
O51255,D1199,wrap
O51255,D1199,fries
O51255,D1199,cola
O51256,D1137,wrap
O51256,D1137,fries
O51256,D1137,cola
O51257,D1137,wrap
O51257,D1137,cola
O51258,D1137,wrap
O51258,D1137,fries
O51258,D1137,cola
O51259,D1137,fries
O51259,D1137,cola
O51260,D1137,wrap
O51260,D1137,fries
O51260,D1137,cola
O51261,D1137,burger
O51261,D1137,fries
O51261,D1137,cola
O51262,D1024,wrap
O51262,D1024,fries
O51262,D1024,cola
O51263,D1024,wrap
O51263,D1024,fries
O51263,D1024,cola
O51264,D1024,burger
O51264,D1024,cola
O51265,D1024,cola
O51266,D1024,burger
O51266,D1024,cola
O51267,D1184,wrap
O51267,D1184,fries
O51267,D1184,cola
O51268,D1184,wrap
O51268,D1184,fries
O51269,D1184,fries
O51269,D1184,cola
O51270,D1184,burger
O51270,D1184,fries
O51270,D1184,cola
O51271,D1184,fries
O51271,D1184,cola
O51272,D1184,fries
O51272,D1184,cola
O51273,D1205,pizza
O51273,D1205,garlic_bread
O51273,D1205,cola
O51274,D1205,raita
O51274,D1205,salad
O51275,D1134,wrap
O51276,D1134,burger
O51276,D1134,fries
O51276,D1134,cola
O51277,D1134,fries
O51278,D1134,burger
O51278,D1134,cola
O51279,D1134,wrap
O51279,D1134,fries
O51279,D1134,cola
O51280,D1134,wrap
O51280,D1134,cola
O51281,D1299,pizza
O51281,D1299,garlic_bread
O51281,D1299,cola
O51281,D1299,dessert
O51282,D1299,pizza
O51282,D1299,pasta
O51282,D1299,dessert
O51283,D1116,burger
O51283,D1116,cola
O51284,D1116,fries
O51284,D1116,cola
O51285,D1116,fries
O51285,D1116,cola
O51286,D1116,fries
O51287,D1116,wrap
O51287,D1116,fries
O51287,D1116,cola
O51288,D1116,burger
O51288,D1116,fries
O51288,D1116,cola
O51289,D1212,pizza
O51289,D1212,pasta
O51289,D1212,dessert
O51290,D1212,biryani
O51290,D1212,raita
O51290,D1212,salad
O51291,D1433,sushi
O51291,D1433,salad
O51291,D1433,coffee
O51292,D1433,steak
O51292,D1433,salad
O51292,D1433,wine
O51293,D1433,pasta
O51293,D1433,salad
O51293,D1433,coffee
O51294,D1433,pasta
O51294,D1433,salad
O51294,D1433,coffee
O51295,D1433,miso_soup
O51295,D1433,green_tea
O51296,D1410,sushi
O51296,D1410,salad
O51296,D1410,coffee
O51297,D1410,steak
O51298,D1410,steak
O51298,D1410,salad
O51298,D1410,wine
O51299,D1410,sushi
O51299,D1410,salad
O51299,D1410,coffee
O51300,D1410,sushi
O51300,D1410,miso_soup
O51300,D1410,green_tea
O51301,D1318,pizza
O51301,D1318,garlic_bread
O51301,D1318,cola
O51301,D1318,dessert
O51302,D1318,pizza
O51302,D1318,pasta
O51302,D1318,dessert
O51303,D1231,pizza
O51303,D1231,pasta
O51304,D1231,pizza
O51304,D1231,garlic_bread
O51304,D1231,cola
O51305,D1217,biryani
O51305,D1217,raita
O51305,D1217,dessert
O51306,D1217,biryani
O51306,D1217,raita
O51306,D1217,salad
O51307,D1056,fries
O51307,D1056,cola
O51308,D1056,fries
O51309,D1056,burger
O51309,D1056,fries
O51309,D1056,cola
O51310,D1056,burger
O51310,D1056,cola
O51311,D1056,fries
O51311,D1056,cola
O51312,D1056,wrap
O51312,D1056,fries
O51312,D1056,cola
O51313,D1377,sushi
O51313,D1377,miso_soup
O51313,D1377,green_tea
O51314,D1377,steak
O51314,D1377,salad
O51314,D1377,wine
O51315,D1377,steak
O51315,D1377,salad
O51315,D1377,wine
O51317,D1351,steak
O51317,D1351,salad
O51317,D1351,wine
O51318,D1351,sushi
O51318,D1351,miso_soup
O51318,D1351,green_tea
O51319,D1351,steak
O51319,D1351,salad
O51319,D1351,wine
O51320,D1351,pasta
O51320,D1351,salad
O51320,D1351,coffee
O51321,D1349,pizza
O51321,D1349,garlic_bread
O51321,D1349,cola
O51321,D1349,dessert
O51322,D1349,biryani
O51323,D1181,fries
O51324,D1181,fries
O51324,D1181,cola
O51325,D1181,wrap
O51325,D1181,fries
O51325,D1181,cola
O51326,D1181,burger
O51326,D1181,fries
O51326,D1181,cola
O51327,D1181,fries
O51327,D1181,cola
O51328,D1181,burger
O51328,D1181,fries
O51328,D1181,cola
O51329,D1097,burger
O51329,D1097,fries
O51329,D1097,cola
O51330,D1097,fries
O51330,D1097,cola
O51331,D1097,wrap
O51331,D1097,fries
O51331,D1097,cola
O51332,D1097,burger
O51332,D1097,fries
O51332,D1097,cola
O51333,D1097,burger
O51333,D1097,fries
O51333,D1097,cola
O51334,D1097,burger
O51334,D1097,cola
O51335,D1114,fries
O51335,D1114,cola
O51336,D1114,burger
O51336,D1114,cola
O51337,D1114,cola
O51338,D1114,fries
O51338,D1114,cola
O51339,D1114,fries
O51339,D1114,cola
O51340,D1114,fries
O51340,D1114,cola
O51341,D1278,biryani
O51341,D1278,raita
O51341,D1278,salad
O51342,D1278,pizza
O51342,D1278,pasta
O51342,D1278,dessert
O51343,D1118,burger
O51343,D1118,fries
O51343,D1118,cola
O51344,D1118,burger
O51344,D1118,fries
O51344,D1118,cola
O51345,D1118,fries
O51345,D1118,cola
O51346,D1118,burger
O51346,D1118,fries
O51346,D1118,cola
O51347,D1118,wrap
O51347,D1118,fries
O51348,D1118,burger
O51348,D1118,fries
O51348,D1118,cola
O51349,D1359,pasta
O51349,D1359,salad
O51349,D1359,coffee
O51350,D1359,pasta
O51350,D1359,salad
O51350,D1359,coffee
O51351,D1359,steak
O51351,D1359,salad
O51351,D1359,wine
O51352,D1359,pasta
O51352,D1359,salad
O51352,D1359,coffee
O51353,D1170,burger
O51353,D1170,cola
O51354,D1170,fries
O51354,D1170,cola
O51355,D1170,fries
O51355,D1170,cola
O51356,D1454,steak
O51356,D1454,salad
O51356,D1454,wine
O51357,D1454,sushi
O51357,D1454,salad
O51357,D1454,coffee
O51358,D1454,sushi
O51358,D1454,miso_soup
O51358,D1454,green_tea
O51359,D1454,pasta
O51359,D1454,salad
O51359,D1454,coffee
O51360,D1054,burger
O51361,D1054,burger
O51361,D1054,cola
O51362,D1054,wrap
O51362,D1054,fries
O51362,D1054,cola
O51363,D1054,burger
O51363,D1054,fries
O51363,D1054,cola
O51364,D1176,wrap
O51364,D1176,fries
O51364,D1176,cola
O51365,D1176,wrap
O51365,D1176,fries
O51365,D1176,cola
O51366,D1176,burger
O51366,D1176,cola
O51367,D1176,wrap
O51367,D1176,fries
O51367,D1176,cola
O51368,D1176,fries
O51368,D1176,cola
O51369,D1176,wrap
O51369,D1176,fries
O51369,D1176,cola
O51370,D1327,biryani
O51370,D1327,dessert
O51371,D1327,pizza
O51371,D1327,pasta
O51371,D1327,dessert
O51372,D1194,fries
O51372,D1194,cola
O51373,D1194,burger
O51373,D1194,cola
O51374,D1194,wrap
O51374,D1194,fries
O51374,D1194,cola
O51375,D1194,wrap
O51375,D1194,cola
O51376,D1194,burger
O51376,D1194,fries
O51376,D1194,cola
O51377,D1198,fries
O51377,D1198,cola
O51378,D1198,burger
O51378,D1198,cola
O51379,D1198,burger
O51379,D1198,fries
O51379,D1198,cola
O51380,D1198,burger
O51380,D1198,fries
O51380,D1198,cola
O51381,D1198,burger
O51382,D1198,fries
O51382,D1198,cola
O51383,D1182,burger
O51383,D1182,cola
O51384,D1182,wrap
O51384,D1182,fries
O51384,D1182,cola
O51385,D1182,fries
O51385,D1182,cola
O51386,D1182,fries
O51386,D1182,cola
O51387,D1182,burger
O51387,D1182,cola
O51388,D1182,fries
O51388,D1182,cola
O51389,D1464,steak
O51389,D1464,salad
O51389,D1464,wine
O51390,D1464,steak
O51390,D1464,salad
O51390,D1464,wine
O51391,D1464,sushi
O51391,D1464,salad
O51391,D1464,coffee
O51392,D1464,miso_soup
O51392,D1464,green_tea
O51393,D1103,wrap
O51394,D1103,burger
O51394,D1103,cola
O51395,D1103,burger
O51396,D1103,fries
O51396,D1103,cola
O51397,D1103,burger
O51397,D1103,fries
O51397,D1103,cola
O51398,D1220,pizza
O51398,D1220,garlic_bread
O51398,D1220,cola
O51398,D1220,dessert
O51399,D1220,biryani
O51399,D1220,raita
O51399,D1220,dessert
O51400,D1130,wrap
O51400,D1130,fries
O51400,D1130,cola
O51401,D1130,burger
O51401,D1130,cola
O51402,D1130,burger
O51402,D1130,fries
O51402,D1130,cola
O51403,D1130,wrap
O51403,D1130,fries
O51403,D1130,cola
O51404,D1130,wrap
O51404,D1130,fries
O51404,D1130,cola
O51405,D1130,fries
O51405,D1130,cola
O51406,D1338,pizza
O51406,D1338,garlic_bread
O51406,D1338,cola
O51406,D1338,dessert
O51407,D1338,biryani
O51407,D1338,raita
O51407,D1338,dessert
O51408,D1346,biryani
O51408,D1346,raita
O51409,D1346,cola
O51409,D1346,dessert
O51410,D1060,fries
O51410,D1060,cola
O51411,D1060,burger
O51411,D1060,cola
O51412,D1060,fries
O51412,D1060,cola
O51413,D1060,fries
O51413,D1060,cola
O51414,D1060,fries
O51414,D1060,cola
O51415,D1094,burger
O51415,D1094,cola
O51416,D1094,burger
O51416,D1094,cola
O51417,D1094,fries
O51417,D1094,cola
O51418,D1094,fries
O51418,D1094,cola
O51419,D1094,burger
O51420,D1094,wrap
O51420,D1094,fries
O51420,D1094,cola
O51421,D1193,burger
O51421,D1193,fries
O51421,D1193,cola
O51422,D1193,burger
O51422,D1193,cola
O51423,D1193,fries
O51423,D1193,cola
O51424,D1193,burger
O51424,D1193,fries
O51424,D1193,cola
O51425,D1193,wrap
O51425,D1193,fries
O51425,D1193,cola
O51426,D1193,fries
O51426,D1193,cola
O51427,D1140,wrap
O51427,D1140,fries
O51427,D1140,cola
O51428,D1140,cola
O51429,D1140,wrap
O51429,D1140,fries
O51429,D1140,cola
O51430,D1140,fries
O51430,D1140,cola
O51431,D1140,burger
O51431,D1140,cola
O51432,D1140,fries
O51432,D1140,cola
O51433,D1148,burger
O51433,D1148,fries
O51433,D1148,cola
O51434,D1148,wrap
O51434,D1148,cola
O51435,D1148,fries
O51435,D1148,cola
O51436,D1148,burger
O51436,D1148,fries
O51436,D1148,cola
O51437,D1148,fries
O51437,D1148,cola
O51438,D1148,burger
O51438,D1148,cola
O51439,D1202,biryani
O51439,D1202,raita
O51439,D1202,salad
O51440,D1202,garlic_bread
O51440,D1202,cola
O51440,D1202,dessert
O51441,D1152,burger
O51441,D1152,fries
O51441,D1152,cola
O51442,D1152,burger
O51442,D1152,fries
O51442,D1152,cola
O51443,D1152,burger
O51443,D1152,cola
O51444,D1152,burger
O51444,D1152,fries
O51444,D1152,cola
O51445,D1152,wrap
O51445,D1152,fries
O51445,D1152,cola
O51446,D1152,burger
O51446,D1152,cola
O51447,D1337,biryani
O51447,D1337,raita
O51447,D1337,salad
O51448,D1337,biryani
O51448,D1337,raita
O51448,D1337,dessert
O51449,D1389,sushi
O51449,D1389,miso_soup
O51449,D1389,green_tea
O51450,D1389,steak
O51450,D1389,salad
O51450,D1389,wine
O51451,D1389,sushi
O51451,D1389,salad
O51451,D1389,coffee
O51452,D1389,steak
O51452,D1389,salad
O51452,D1389,wine
O51453,D1010,burger
O51453,D1010,cola
O51454,D1010,burger
O51454,D1010,cola
O51455,D1010,burger
O51455,D1010,cola
O51456,D1010,wrap
O51456,D1010,fries
O51456,D1010,cola
O51457,D1010,wrap
O51457,D1010,fries
O51457,D1010,cola
O51458,D1269,biryani
O51458,D1269,raita
O51458,D1269,salad
O51459,D1269,pizza
O51459,D1269,dessert
O51460,D1096,wrap
O51460,D1096,fries
O51460,D1096,cola
O51461,D1096,fries
O51461,D1096,cola
O51462,D1096,burger
O51462,D1096,cola
O51463,D1096,burger
O51463,D1096,cola
O51464,D1210,pizza
O51464,D1210,garlic_bread
O51464,D1210,dessert
O51465,D1210,biryani
O51465,D1210,raita
O51465,D1210,dessert
O51466,D1240,pizza
O51466,D1240,garlic_bread
O51466,D1240,dessert
O51467,D1240,pizza
O51467,D1240,pasta
O51467,D1240,dessert
O51468,D1057,fries
O51468,D1057,cola
O51469,D1057,burger
O51469,D1057,fries
O51469,D1057,cola
O51470,D1057,burger
O51470,D1057,cola
O51471,D1057,fries
O51471,D1057,cola
O51472,D1057,burger
O51472,D1057,fries
O51472,D1057,cola
O51473,D1057,fries
O51473,D1057,cola
O51474,D1301,pizza
O51474,D1301,pasta
O51474,D1301,dessert
O51475,D1301,biryani
O51475,D1301,raita
O51475,D1301,salad
O51476,D1365,salad
O51476,D1365,wine
O51477,D1365,pasta
O51477,D1365,coffee
O51478,D1365,steak
O51478,D1365,salad
O51478,D1365,wine
O51479,D1365,steak
O51479,D1365,salad
O51479,D1365,wine
O51480,D1036,wrap
O51480,D1036,fries
O51480,D1036,cola
O51481,D1036,fries
O51481,D1036,cola
O51482,D1036,wrap
O51482,D1036,fries
O51482,D1036,cola
O51483,D1036,burger
O51483,D1036,cola
O51484,D1036,burger
O51484,D1036,cola
O51485,D1036,burger
O51485,D1036,cola
O51486,D1429,sushi
O51486,D1429,salad
O51486,D1429,coffee
O51487,D1429,salad
O51487,D1429,wine
O51488,D1429,sushi
O51488,D1429,salad
O51488,D1429,coffee
O51489,D1429,sushi
O51489,D1429,miso_soup
O51489,D1429,green_tea
O51490,D1429,sushi
O51490,D1429,miso_soup
O51490,D1429,green_tea
O51491,D1020,burger
O51491,D1020,cola
O51492,D1020,wrap
O51492,D1020,fries
O51492,D1020,cola
O51493,D1020,burger
O51493,D1020,fries
O51493,D1020,cola
O51494,D1020,fries
O51494,D1020,cola
O51495,D1020,wrap
O51495,D1020,fries
O51496,D1421,sushi
O51496,D1421,miso_soup
O51496,D1421,green_tea
O51497,D1421,steak
O51497,D1421,salad
O51497,D1421,wine
O51498,D1421,sushi
O51498,D1421,miso_soup
O51498,D1421,green_tea
O51499,D1332,biryani
O51499,D1332,raita
O51499,D1332,salad
O51500,D1332,biryani
O51500,D1332,raita
O51500,D1332,salad
O51501,D1075,wrap
O51501,D1075,fries
O51501,D1075,cola
O51502,D1075,fries
O51502,D1075,cola
O51503,D1075,burger
O51503,D1075,fries
O51503,D1075,cola
O51504,D1075,burger
O51504,D1075,fries
O51504,D1075,cola
O51505,D1075,burger
O51505,D1075,fries
O51505,D1075,cola
O51506,D1075,burger
O51506,D1075,cola
O51507,D1200,pizza
O51507,D1200,pasta
O51507,D1200,dessert
O51508,D1200,biryani
O51508,D1200,raita
O51508,D1200,salad
O51509,D1077,fries
O51509,D1077,cola
O51510,D1077,wrap
O51510,D1077,fries
O51510,D1077,cola
O51511,D1077,fries
O51512,D1077,fries
O51513,D1077,burger
O51513,D1077,cola
O51514,D1077,cola
O51515,D1263,biryani
O51515,D1263,raita
O51515,D1263,dessert
O51516,D1263,pizza
O51516,D1263,garlic_bread
O51516,D1263,cola
O51517,D1473,pasta
O51517,D1473,salad
O51517,D1473,coffee
O51518,D1473,sushi
O51518,D1473,miso_soup
O51518,D1473,green_tea
O51519,D1473,sushi
O51519,D1473,salad
O51519,D1473,coffee
O51520,D1473,pasta
O51520,D1473,coffee
O51521,D1149,burger
O51521,D1149,fries
O51521,D1149,cola
O51522,D1149,burger
O51522,D1149,fries
O51522,D1149,cola
O51523,D1149,burger
O51523,D1149,fries
O51523,D1149,cola
O51524,D1149,cola
O51525,D1149,cola
O51526,D1149,burger
O51526,D1149,cola
O51527,D1420,salad
O51527,D1420,coffee
O51528,D1420,steak
O51528,D1420,wine
O51529,D1420,salad
O51529,D1420,coffee
O51530,D1420,salad
O51530,D1420,coffee
O51531,D1420,sushi
O51531,D1420,salad
O51531,D1420,coffee
O51532,D1420,sushi
O51532,D1420,salad
O51532,D1420,coffee
O51533,D1002,wrap
O51533,D1002,fries
O51533,D1002,cola
O51534,D1002,wrap
O51534,D1002,fries
O51534,D1002,cola
O51535,D1002,fries
O51535,D1002,cola
O51536,D1002,burger
O51536,D1002,fries
O51537,D1002,burger
O51537,D1002,cola
O51538,D1002,cola
O51539,D1052,cola
O51540,D1052,fries
O51540,D1052,cola
O51541,D1052,burger
O51541,D1052,cola
O51542,D1052,wrap
O51542,D1052,fries
O51542,D1052,cola
O51543,D1052,burger
O51543,D1052,fries
O51543,D1052,cola
O51544,D1052,wrap
O51544,D1052,fries
O51544,D1052,cola
O51545,D1262,biryani
O51545,D1262,raita
O51545,D1262,dessert
O51546,D1262,biryani
O51546,D1262,raita
O51546,D1262,dessert
O51547,D1253,biryani
O51547,D1253,raita
O51547,D1253,salad
O51548,D1253,biryani
O51548,D1253,dessert
O51549,D1259,pizza
O51549,D1259,dessert
O51550,D1259,pizza
O51550,D1259,garlic_bread
O51550,D1259,cola
O51550,D1259,dessert
O51551,D1333,raita
O51551,D1333,dessert
O51552,D1333,biryani
O51552,D1333,raita
O51552,D1333,dessert
O51553,D1369,pasta
O51553,D1369,salad
O51554,D1369,sushi
O51554,D1369,salad
O51554,D1369,coffee
O51555,D1369,pasta
O51555,D1369,salad
O51555,D1369,coffee
O51556,D1369,sushi
O51556,D1369,miso_soup
O51556,D1369,green_tea
O51557,D1369,sushi
O51557,D1369,salad
O51557,D1369,coffee
O51558,D1369,pasta
O51558,D1369,salad
O51558,D1369,coffee
O51559,D1321,raita
O51559,D1321,salad
O51560,D1321,biryani
O51560,D1321,raita
O51560,D1321,dessert
O51561,D1183,fries
O51561,D1183,cola
O51562,D1183,burger
O51562,D1183,fries
O51562,D1183,cola
O51563,D1183,burger
O51563,D1183,cola
O51564,D1183,fries
O51564,D1183,cola
O51565,D1183,burger
O51565,D1183,cola
O51566,D1183,fries
O51566,D1183,cola
O51567,D1151,burger
O51567,D1151,cola
O51568,D1151,wrap
O51568,D1151,fries
O51568,D1151,cola
O51569,D1151,wrap
O51569,D1151,fries
O51569,D1151,cola
O51570,D1151,fries
O51570,D1151,cola
O51571,D1151,cola
O51572,D1434,sushi
O51572,D1434,salad
O51572,D1434,coffee
O51573,D1434,steak
O51573,D1434,salad
O51573,D1434,wine
O51574,D1434,pasta
O51574,D1434,salad
O51575,D1434,sushi
O51575,D1434,salad
O51575,D1434,coffee
O51576,D1434,sushi
O51576,D1434,miso_soup
O51577,D1302,biryani
O51577,D1302,raita
O51578,D1302,pizza
O51578,D1302,pasta
O51578,D1302,dessert
O51579,D1190,fries
O51579,D1190,cola
O51580,D1190,wrap
O51580,D1190,fries
O51580,D1190,cola
O51581,D1190,burger
O51581,D1190,fries
O51581,D1190,cola
O51582,D1190,burger
O51582,D1190,fries
O51583,D1190,burger
O51583,D1190,cola
O51584,D1190,burger
O51584,D1190,cola
O51585,D1074,cola
O51586,D1074,wrap
O51586,D1074,cola
O51587,D1074,burger
O51587,D1074,cola
O51589,D1074,fries
O51590,D1074,burger
O51590,D1074,cola
O51591,D1348,biryani
O51591,D1348,raita
O51591,D1348,dessert
O51592,D1348,pasta
O51592,D1348,dessert
O51593,D1243,dessert
O51594,D1243,pizza
O51594,D1243,dessert
O51595,D1463,sushi
O51595,D1463,miso_soup
O51595,D1463,green_tea
O51596,D1463,pasta
O51596,D1463,coffee
O51597,D1463,steak
O51597,D1463,salad
O51597,D1463,wine
O51598,D1463,sushi
O51598,D1463,miso_soup
O51598,D1463,green_tea
O51599,D1087,wrap
O51599,D1087,fries
O51599,D1087,cola
O51600,D1087,fries
O51600,D1087,cola
O51601,D1087,fries
O51601,D1087,cola
O51602,D1087,wrap
O51602,D1087,fries
O51603,D1087,burger
O51603,D1087,cola
O51604,D1087,burger
O51604,D1087,fries
O51604,D1087,cola
O51605,D1239,biryani
O51605,D1239,raita
O51605,D1239,salad
O51606,D1239,pizza
O51606,D1239,garlic_bread
O51606,D1239,cola
O51607,D1143,wrap
O51607,D1143,fries
O51607,D1143,cola
O51608,D1143,burger
O51608,D1143,fries
O51608,D1143,cola
O51609,D1143,burger
O51609,D1143,fries
O51610,D1143,burger
O51610,D1143,fries
O51610,D1143,cola
O51611,D1143,fries
O51611,D1143,cola
O51612,D1143,burger
O51612,D1143,fries
O51612,D1143,cola
O51613,D1399,pasta
O51613,D1399,coffee
O51614,D1399,pasta
O51614,D1399,salad
O51615,D1399,steak
O51615,D1399,salad
O51615,D1399,wine
O51616,D1399,pasta
O51616,D1399,salad
O51616,D1399,coffee
O51617,D1399,salad
O51617,D1399,coffee
O51618,D1266,biryani
O51618,D1266,raita
O51619,D1266,biryani
O51619,D1266,raita
O51619,D1266,salad
O51620,D1288,biryani
O51620,D1288,salad
O51621,D1288,biryani
O51621,D1288,raita
O51622,D1136,fries
O51622,D1136,cola
O51623,D1136,fries
O51623,D1136,cola
O51624,D1136,fries
O51624,D1136,cola
O51625,D1136,wrap
O51625,D1136,fries
O51625,D1136,cola
O51626,D1136,burger
O51626,D1136,fries
O51626,D1136,cola
O51627,D1136,cola
O51628,D1166,burger
O51628,D1166,fries
O51628,D1166,cola
O51629,D1166,burger
O51629,D1166,cola
O51630,D1166,burger
O51630,D1166,fries
O51630,D1166,cola
O51631,D1166,fries
O51631,D1166,cola
O51632,D1166,burger
O51632,D1166,cola
O51633,D1166,fries
O51633,D1166,cola
O51634,D1083,fries
O51634,D1083,cola
O51635,D1083,fries
O51636,D1083,fries
O51636,D1083,cola
O51637,D1083,wrap
O51637,D1083,fries
O51637,D1083,cola
O51638,D1083,wrap
O51638,D1083,fries
O51638,D1083,cola
O51639,D1083,fries
O51639,D1083,cola
O51640,D1424,pasta
O51640,D1424,salad
O51640,D1424,coffee
O51641,D1424,sushi
O51641,D1424,salad
O51641,D1424,coffee
O51642,D1424,steak
O51642,D1424,salad
O51642,D1424,wine
O51643,D1424,sushi
O51643,D1424,miso_soup
O51643,D1424,green_tea
O51644,D1155,wrap
O51644,D1155,fries
O51644,D1155,cola
O51645,D1155,fries
O51646,D1155,wrap
O51646,D1155,fries
O51646,D1155,cola
O51647,D1155,burger
O51647,D1155,fries
O51647,D1155,cola
O51648,D1155,fries
O51648,D1155,cola
O51649,D1155,burger
O51649,D1155,cola
O51650,D1356,sushi
O51650,D1356,salad
O51650,D1356,coffee
O51651,D1356,sushi
O51651,D1356,salad
O51652,D1356,sushi
O51652,D1356,salad
O51652,D1356,coffee
O51653,D1381,steak
O51653,D1381,salad
O51653,D1381,wine
O51654,D1381,salad
O51654,D1381,wine
O51655,D1381,sushi
O51655,D1381,salad
O51655,D1381,coffee
O51656,D1279,pizza
O51656,D1279,pasta
O51656,D1279,dessert
O51657,D1279,pizza
O51657,D1279,garlic_bread
O51657,D1279,cola
O51658,D1126,wrap
O51658,D1126,cola
O51659,D1126,wrap
O51659,D1126,fries
O51659,D1126,cola
O51660,D1126,burger
O51660,D1126,cola
O51661,D1126,burger
O51661,D1126,cola
O51662,D1126,burger
O51662,D1126,fries
O51662,D1126,cola
O51663,D1126,burger
O51663,D1126,fries
O51663,D1126,cola
O51664,D1195,burger
O51664,D1195,fries
O51664,D1195,cola
O51665,D1195,fries
O51665,D1195,cola
O51666,D1195,burger
O51666,D1195,cola
O51667,D1195,fries
O51667,D1195,cola
O51668,D1195,wrap
O51668,D1195,fries
O51668,D1195,cola
O51669,D1195,wrap
O51669,D1195,fries
O51669,D1195,cola
O51670,D1265,biryani
O51670,D1265,raita
O51670,D1265,salad
O51671,D1265,pizza
O51671,D1265,dessert
O51672,D1441,sushi
O51672,D1441,miso_soup
O51672,D1441,green_tea
O51673,D1441,sushi
O51673,D1441,salad
O51673,D1441,coffee
O51674,D1441,pasta
O51674,D1441,salad
O51675,D1441,steak
O51675,D1441,salad
O51675,D1441,wine
O51676,D1441,sushi
O51676,D1441,salad
O51676,D1441,coffee
O51677,D1104,burger
O51677,D1104,fries
O51677,D1104,cola
O51678,D1104,burger
O51678,D1104,cola
O51679,D1104,fries
O51679,D1104,cola
O51680,D1104,wrap
O51680,D1104,fries
O51680,D1104,cola
O51681,D1104,burger
O51681,D1104,cola
O51682,D1104,wrap
O51682,D1104,fries
O51682,D1104,cola
O51683,D1153,burger
O51683,D1153,fries
O51683,D1153,cola
O51684,D1153,burger
O51684,D1153,cola
O51685,D1153,burger
O51685,D1153,cola
O51686,D1282,biryani
O51686,D1282,raita
O51686,D1282,salad
O51687,D1282,pizza
O51687,D1282,pasta
O51687,D1282,dessert
O51688,D1282,pizza
O51688,D1282,dessert
O51689,D1391,sushi
O51689,D1391,salad
O51689,D1391,coffee
O51690,D1391,pasta
O51690,D1391,salad
O51691,D1391,pasta
O51691,D1391,salad
O51692,D1391,salad
O51692,D1391,coffee
O51693,D1226,biryani
O51693,D1226,raita
O51694,D1226,pizza
O51694,D1226,pasta
O51694,D1226,dessert
O51695,D1367,steak
O51695,D1367,salad
O51695,D1367,wine
O51696,D1367,sushi
O51696,D1367,salad
O51696,D1367,coffee
O51697,D1367,pasta
O51697,D1367,salad
O51697,D1367,coffee
O51698,D1367,steak
O51698,D1367,salad
O51698,D1367,wine
O51699,D1025,burger
O51699,D1025,fries
O51699,D1025,cola
O51700,D1025,burger
O51700,D1025,cola
O51701,D1025,burger
O51702,D1025,burger
O51702,D1025,fries
O51702,D1025,cola
O51703,D1025,wrap
O51703,D1025,fries
O51703,D1025,cola
O51704,D1025,wrap
O51704,D1025,fries
O51705,D1196,burger
O51705,D1196,fries
O51705,D1196,cola
O51706,D1196,burger
O51706,D1196,cola
O51707,D1196,fries
O51707,D1196,cola
O51708,D1196,fries
O51708,D1196,cola
O51709,D1196,fries
O51709,D1196,cola
O51710,D1196,fries
O51710,D1196,cola
O51711,D1064,wrap
O51711,D1064,cola
O51712,D1064,cola
O51713,D1064,fries
O51713,D1064,cola
O51714,D1064,wrap
O51714,D1064,fries
O51714,D1064,cola
O51715,D1064,burger
O51715,D1064,fries
O51715,D1064,cola
O51716,D1064,fries
O51717,D1015,wrap
O51717,D1015,fries
O51717,D1015,cola
O51718,D1015,burger
O51718,D1015,cola
O51719,D1015,burger
O51719,D1015,fries
O51719,D1015,cola
O51720,D1015,burger
O51720,D1015,cola
O51721,D1297,pizza
O51721,D1297,pasta
O51721,D1297,dessert
O51722,D1297,biryani
O51722,D1297,raita
O51722,D1297,dessert
O51723,D1371,sushi
O51723,D1371,salad
O51723,D1371,coffee
O51724,D1371,steak
O51724,D1371,salad
O51724,D1371,wine
O51725,D1371,sushi
O51725,D1371,miso_soup
O51725,D1371,green_tea
O51726,D1371,steak
O51726,D1371,salad
O51726,D1371,wine
O51727,D1371,sushi
O51727,D1371,miso_soup
O51727,D1371,green_tea
O51728,D1109,wrap
O51728,D1109,fries
O51728,D1109,cola
O51729,D1109,fries
O51729,D1109,cola
O51730,D1109,wrap
O51730,D1109,fries
O51730,D1109,cola
O51731,D1109,fries
O51731,D1109,cola
O51732,D1109,fries
O51732,D1109,cola
O51733,D1109,fries
O51733,D1109,cola
O51734,D1336,pizza
O51734,D1336,pasta
O51734,D1336,dessert
O51735,D1336,biryani
O51735,D1336,raita
O51735,D1336,salad
O51736,D1308,pizza
O51736,D1308,garlic_bread
O51736,D1308,dessert
O51737,D1308,pizza
O51737,D1308,pasta
O51737,D1308,dessert
O51738,D1026,fries
O51738,D1026,cola
O51739,D1026,wrap
O51739,D1026,fries
O51739,D1026,cola
O51740,D1026,fries
O51740,D1026,cola
O51741,D1026,burger
O51742,D1026,fries
O51742,D1026,cola
O51743,D1076,cola
O51744,D1076,burger
O51744,D1076,cola
O51745,D1076,burger
O51745,D1076,cola
O51746,D1076,wrap
O51746,D1076,fries
O51746,D1076,cola
O51747,D1076,burger
O51747,D1076,fries
O51747,D1076,cola
O51748,D1076,fries
O51748,D1076,cola
O51749,D1043,fries
O51749,D1043,cola
O51750,D1043,wrap
O51750,D1043,fries
O51750,D1043,cola
O51751,D1043,cola
O51752,D1043,cola
O51753,D1043,fries
O51753,D1043,cola
O51754,D1280,pizza
O51754,D1280,pasta
O51754,D1280,dessert
O51755,D1280,pizza
O51755,D1280,garlic_bread
O51755,D1280,cola
O51755,D1280,dessert
O51756,D1003,burger
O51756,D1003,cola
O51757,D1003,burger
O51757,D1003,fries
O51757,D1003,cola
O51758,D1003,burger
O51758,D1003,fries
O51758,D1003,cola
O51759,D1003,burger
O51759,D1003,fries
O51759,D1003,cola
O51760,D1003,wrap
O51760,D1003,fries
O51761,D1003,fries
O51761,D1003,cola
O51762,D1440,pasta
O51762,D1440,salad
O51762,D1440,coffee
O51763,D1440,salad
O51763,D1440,wine
O51764,D1440,salad
O51764,D1440,coffee
O51765,D1440,sushi
O51765,D1440,green_tea
O51766,D1440,pasta
O51766,D1440,salad
O51766,D1440,coffee
O51767,D1049,burger
O51767,D1049,cola
O51768,D1049,wrap
O51768,D1049,fries
O51768,D1049,cola
O51769,D1049,wrap
O51769,D1049,fries
O51769,D1049,cola
O51770,D1049,burger
O51770,D1049,fries
O51770,D1049,cola
O51771,D1405,salad
O51771,D1405,coffee
O51772,D1405,sushi
O51772,D1405,miso_soup
O51772,D1405,green_tea
O51773,D1405,sushi
O51773,D1405,miso_soup
O51773,D1405,green_tea
O51774,D1405,pasta
O51774,D1405,salad
O51774,D1405,coffee
O51775,D1387,sushi
O51775,D1387,miso_soup
O51775,D1387,green_tea
O51776,D1387,sushi
O51776,D1387,miso_soup
O51776,D1387,green_tea
O51777,D1387,steak
O51777,D1387,salad
O51777,D1387,wine
O51778,D1387,sushi
O51778,D1387,miso_soup
O51778,D1387,green_tea
O51779,D1387,sushi
O51779,D1387,salad
O51779,D1387,coffee
O51780,D1466,steak
O51780,D1466,salad
O51780,D1466,wine
O51781,D1466,pasta
O51781,D1466,salad
O51781,D1466,coffee
O51782,D1466,sushi
O51782,D1466,miso_soup
O51782,D1466,green_tea
O51783,D1466,sushi
O51783,D1466,miso_soup
O51783,D1466,green_tea
O51784,D1030,wrap
O51784,D1030,fries
O51784,D1030,cola
O51785,D1030,wrap
O51785,D1030,fries
O51785,D1030,cola
O51786,D1030,fries
O51787,D1030,wrap
O51787,D1030,fries
O51787,D1030,cola
O51788,D1030,fries
O51788,D1030,cola
O51789,D1030,fries
O51790,D1121,burger
O51790,D1121,cola
O51791,D1121,burger
O51791,D1121,cola
O51792,D1121,wrap
O51792,D1121,fries
O51792,D1121,cola
O51793,D1121,burger
O51793,D1121,cola
O51794,D1121,burger
O51795,D1121,burger
O51795,D1121,fries
O51795,D1121,cola
O51796,D1431,steak
O51796,D1431,salad
O51796,D1431,wine
O51797,D1431,sushi
O51797,D1431,miso_soup
O51797,D1431,green_tea
O51798,D1431,steak
O51798,D1431,salad
O51798,D1431,wine
O51799,D1431,sushi
O51799,D1431,salad
O51799,D1431,coffee
O51800,D1115,fries
O51800,D1115,cola
O51801,D1115,burger
O51801,D1115,cola
O51802,D1115,fries
O51802,D1115,cola
O51803,D1115,burger
O51803,D1115,fries
O51803,D1115,cola
O51804,D1446,steak
O51804,D1446,salad
O51804,D1446,wine
O51805,D1446,pasta
O51805,D1446,salad
O51805,D1446,coffee
O51806,D1446,sushi
O51806,D1446,miso_soup
O51806,D1446,green_tea
O51807,D1446,sushi
O51807,D1446,salad
O51807,D1446,coffee
O51808,D1216,biryani
O51808,D1216,raita
O51808,D1216,dessert
O51809,D1216,pizza
O51809,D1216,pasta
O51809,D1216,dessert
O51810,D1264,raita
O51810,D1264,salad
O51811,D1264,pizza
O51811,D1264,garlic_bread
O51811,D1264,cola
O51811,D1264,dessert
O51812,D1209,biryani
O51812,D1209,raita
O51812,D1209,salad
O51813,D1209,pizza
O51813,D1209,pasta
O51814,D1209,pizza
O51814,D1209,garlic_bread
O51814,D1209,cola
O51814,D1209,dessert
O51815,D1316,pizza
O51815,D1316,garlic_bread
O51815,D1316,dessert
O51816,D1316,pizza
O51816,D1316,pasta
O51816,D1316,dessert
O51817,D1384,steak
O51817,D1384,salad
O51817,D1384,wine
O51818,D1384,sushi
O51818,D1384,miso_soup
O51818,D1384,green_tea
O51819,D1384,sushi
O51819,D1384,miso_soup
O51819,D1384,green_tea
O51820,D1384,pasta
O51820,D1384,salad
O51820,D1384,coffee
O51821,D1001,burger
O51821,D1001,cola
O51822,D1001,fries
O51822,D1001,cola
O51823,D1001,fries
O51823,D1001,cola
O51824,D1001,burger
O51824,D1001,cola
O51825,D1001,cola
O51826,D1001,burger
O51826,D1001,cola
O51827,D1313,pizza
O51827,D1313,garlic_bread
O51827,D1313,cola
O51828,D1313,raita
O51828,D1313,salad
O51829,D1022,wrap
O51829,D1022,cola
O51830,D1022,fries
O51831,D1022,fries
O51831,D1022,cola
O51832,D1022,burger
O51832,D1022,fries
O51832,D1022,cola
O51833,D1022,cola
O51834,D1317,biryani
O51834,D1317,raita
O51834,D1317,dessert
O51835,D1317,biryani
O51835,D1317,raita
O51836,D1319,garlic_bread
O51836,D1319,cola
O51836,D1319,dessert
O51837,D1319,biryani
O51837,D1319,raita
O51837,D1319,salad
O51838,D1007,fries
O51838,D1007,cola
O51839,D1007,burger
O51839,D1007,cola
O51840,D1007,burger
O51840,D1007,fries
O51840,D1007,cola
O51841,D1007,burger
O51841,D1007,cola
O51842,D1007,burger
O51842,D1007,fries
O51842,D1007,cola
O51843,D1007,fries
O51843,D1007,cola
O51844,D1474,steak
O51844,D1474,salad
O51844,D1474,wine
O51845,D1474,pasta
O51845,D1474,salad
O51845,D1474,coffee
O51846,D1474,sushi
O51846,D1474,miso_soup
O51846,D1474,green_tea
O51847,D1141,fries
O51848,D1141,burger
O51848,D1141,fries
O51848,D1141,cola
O51849,D1141,burger
O51849,D1141,fries
O51849,D1141,cola
O51850,D1141,burger
O51850,D1141,fries
O51850,D1141,cola
O51851,D1141,wrap
O51851,D1141,fries
O51852,D1141,cola
O51853,D1086,wrap
O51853,D1086,fries
O51853,D1086,cola
O51854,D1086,fries
O51854,D1086,cola
O51855,D1086,burger
O51855,D1086,fries
O51855,D1086,cola
O51856,D1086,burger
O51856,D1086,fries
O51856,D1086,cola
O51857,D1086,burger
O51857,D1086,fries
O51858,D1086,burger
O51859,D1352,steak
O51859,D1352,wine
O51860,D1352,steak
O51860,D1352,salad
O51860,D1352,wine
O51861,D1352,sushi
O51861,D1352,miso_soup
O51861,D1352,green_tea
O51862,D1352,sushi
O51862,D1352,miso_soup
O51862,D1352,green_tea
O51863,D1241,biryani
O51863,D1241,dessert
O51864,D1241,pizza
O51864,D1241,pasta
O51864,D1241,dessert
O51865,D1241,pizza
O51865,D1241,pasta
O51865,D1241,dessert
O51866,D1215,pizza
O51866,D1215,pasta
O51866,D1215,dessert
O51867,D1215,biryani
O51867,D1215,raita
O51867,D1215,dessert
O51868,D1068,burger
O51868,D1068,fries
O51869,D1068,wrap
O51869,D1068,fries
O51869,D1068,cola
O51870,D1068,burger
O51870,D1068,cola
O51871,D1068,fries
O51871,D1068,cola
O51872,D1068,fries
O51872,D1068,cola
O51873,D1068,fries
O51873,D1068,cola
O51874,D1050,fries
O51874,D1050,cola
O51875,D1050,wrap
O51875,D1050,fries
O51875,D1050,cola
O51876,D1050,fries
O51876,D1050,cola
O51877,D1050,wrap
O51877,D1050,cola
O51878,D1050,burger
O51878,D1050,cola
O51879,D1050,burger
O51879,D1050,fries
O51880,D1398,steak
O51881,D1398,steak
O51881,D1398,salad
O51881,D1398,wine
O51882,D1398,sushi
O51882,D1398,salad
O51882,D1398,coffee
O51883,D1398,sushi
O51883,D1398,salad
O51883,D1398,coffee
O51884,D1413,steak
O51884,D1413,salad
O51884,D1413,wine
O51885,D1413,pasta
O51885,D1413,salad
O51885,D1413,coffee
O51886,D1413,sushi
O51886,D1413,miso_soup
O51887,D1156,fries
O51887,D1156,cola
O51888,D1156,fries
O51888,D1156,cola
O51889,D1156,burger
O51889,D1156,fries
O51889,D1156,cola
O51890,D1156,fries
O51890,D1156,cola
O51891,D1156,burger
O51891,D1156,cola
O51892,D1156,burger
O51892,D1156,cola
O51893,D1252,pizza
O51893,D1252,pasta
O51893,D1252,dessert
O51894,D1252,pizza
O51894,D1252,dessert
O51895,D1395,sushi
O51895,D1395,miso_soup
O51895,D1395,green_tea
O51896,D1395,sushi
O51896,D1395,miso_soup
O51896,D1395,green_tea
O51897,D1395,sushi
O51897,D1395,salad
O51897,D1395,coffee
O51898,D1395,sushi
O51898,D1395,salad
O51898,D1395,coffee
O51899,D1395,sushi
O51899,D1395,miso_soup
O51899,D1395,green_tea
O51900,D1402,steak
O51900,D1402,salad
O51900,D1402,wine
O51901,D1402,sushi
O51902,D1402,sushi
O51902,D1402,miso_soup
O51902,D1402,green_tea
O51903,D1402,sushi
O51903,D1402,miso_soup
O51903,D1402,green_tea
O51904,D1402,steak
O51904,D1402,salad
O51905,D1357,pasta
O51905,D1357,salad
O51905,D1357,coffee
O51906,D1357,salad
O51906,D1357,wine
O51907,D1357,sushi
O51907,D1357,salad
O51907,D1357,coffee
O51908,D1357,sushi
O51908,D1357,salad
O51909,D1254,biryani
O51909,D1254,raita
O51909,D1254,salad
O51910,D1254,biryani
O51910,D1254,raita
O51910,D1254,dessert
O51911,D1276,pizza
O51911,D1276,pasta
O51911,D1276,dessert
O51912,D1276,pizza
O51912,D1276,pasta
O51912,D1276,dessert
O51913,D1178,fries
O51913,D1178,cola
O51914,D1178,wrap
O51914,D1178,fries
O51914,D1178,cola
O51915,D1178,burger
O51915,D1178,cola
O51916,D1178,burger
O51917,D1178,fries
O51917,D1178,cola
O51918,D1178,wrap
O51918,D1178,fries
O51918,D1178,cola
O51919,D1281,biryani
O51919,D1281,raita
O51919,D1281,dessert
O51920,D1281,pizza
O51920,D1281,pasta
O51920,D1281,dessert
O51921,D1390,pasta
O51921,D1390,coffee
O51922,D1390,pasta
O51922,D1390,coffee
O51923,D1390,sushi
O51923,D1390,miso_soup
O51923,D1390,green_tea
O51924,D1390,pasta
O51924,D1390,salad
O51924,D1390,coffee
O51925,D1390,sushi
O51925,D1390,miso_soup
O51926,D1237,pizza
O51926,D1237,cola
O51926,D1237,dessert
O51927,D1237,biryani
O51927,D1237,raita
O51927,D1237,salad
O51928,D1071,wrap
O51928,D1071,cola
O51929,D1071,burger
O51929,D1071,fries
O51929,D1071,cola
O51930,D1071,burger
O51930,D1071,fries
O51930,D1071,cola
O51931,D1071,fries
O51931,D1071,cola
O51932,D1071,wrap
O51932,D1071,fries
O51933,D1071,burger
O51933,D1071,cola
O51934,D1460,pasta
O51934,D1460,salad
O51934,D1460,coffee
O51935,D1460,steak
O51935,D1460,salad
O51935,D1460,wine
O51936,D1460,pasta
O51936,D1460,coffee
O51937,D1129,burger
O51937,D1129,fries
O51938,D1129,burger
O51938,D1129,cola
O51939,D1129,burger
O51939,D1129,fries
O51939,D1129,cola
O51940,D1129,wrap
O51940,D1129,fries
O51940,D1129,cola
O51941,D1129,burger
O51941,D1129,cola
O51942,D1129,fries
O51942,D1129,cola
O51943,D1144,fries
O51943,D1144,cola
O51944,D1144,fries
O51944,D1144,cola
O51945,D1144,fries
O51945,D1144,cola
O51946,D1144,fries
O51946,D1144,cola
O51947,D1144,fries
O51947,D1144,cola
O51948,D1144,burger
O51948,D1144,cola
O51949,D1448,sushi
O51949,D1448,miso_soup
O51949,D1448,green_tea
O51950,D1448,steak
O51950,D1448,salad
O51950,D1448,wine
O51951,D1448,sushi
O51951,D1448,salad
O51951,D1448,coffee
O51952,D1448,pasta
O51952,D1448,salad
O51952,D1448,coffee
O51953,D1448,pasta
O51953,D1448,salad
O51953,D1448,coffee
O51954,D1335,pizza
O51954,D1335,cola
O51954,D1335,dessert
O51955,D1335,raita
O51955,D1335,salad
O51956,D1133,burger
O51956,D1133,cola
O51957,D1133,burger
O51957,D1133,cola
O51958,D1133,burger
O51958,D1133,cola
O51959,D1133,wrap
O51959,D1133,fries
O51959,D1133,cola
O51960,D1133,fries
O51960,D1133,cola
O51961,D1203,biryani
O51961,D1203,raita
O51961,D1203,dessert
O51962,D1203,biryani
O51962,D1203,dessert
O51963,D1393,salad
O51963,D1393,coffee
O51964,D1393,sushi
O51964,D1393,miso_soup
O51964,D1393,green_tea
O51965,D1393,steak
O51965,D1393,salad
O51965,D1393,wine
O51966,D1393,pasta
O51966,D1393,coffee
O51967,D1255,biryani
O51967,D1255,raita
O51967,D1255,salad
O51968,D1255,biryani
O51968,D1255,raita
O51968,D1255,dessert
O51969,D1072,burger
O51969,D1072,fries
O51970,D1072,wrap
O51970,D1072,fries
O51970,D1072,cola
O51971,D1072,wrap
O51971,D1072,fries
O51971,D1072,cola
O51972,D1072,fries
O51972,D1072,cola
O51973,D1072,burger
O51973,D1072,fries
O51973,D1072,cola
O51974,D1072,wrap
O51974,D1072,fries
O51974,D1072,cola
O51975,D1396,steak
O51975,D1396,salad
O51975,D1396,wine
O51976,D1396,pasta
O51976,D1396,salad
O51976,D1396,coffee
O51977,D1396,salad
O51977,D1396,wine
O51978,D1396,pasta
O51978,D1396,salad
O51978,D1396,coffee
O51979,D1396,steak
O51979,D1396,salad
O51979,D1396,wine
O51980,D1235,garlic_bread
O51980,D1235,cola
O51980,D1235,dessert
O51981,D1235,pizza
O51981,D1235,pasta
O51982,D1037,cola
O51983,D1037,burger
O51983,D1037,cola
O51984,D1037,fries
O51984,D1037,cola
O51985,D1037,fries
O51985,D1037,cola
O51986,D1037,fries
O51986,D1037,cola
O51987,D1037,burger
O51987,D1037,cola
